Year,Source,CFEC Fishery Code,Locale Code,Stat Area,FixStatArea,CorrectedStatArea,StatLocal,EEZP,StateP,Landed Weight (sum),Number Of Animals (sum),EEZPounds,StatePounds,EEZNumber,StateNumber,Number of Permits,Species Name,Species
1999,AKFIN(FEY),S03H,0,24450,,24450,24450|0,0.5,0.5,146,9,73,73,4.5,4.5,8,"salmon, chinook",chinook
1999,AKFIN(FEY),S03H,0,24451,,24451,24451|0,0,1,695,38,0,695,0,38,31,"salmon, chinook",chinook
1999,AKFIN(FEY),S03H,0,24460,,24460,24460|0,0.5,0.5,2659,165,1329.5,1329.5,82.5,82.5,105,"salmon, chinook",chinook
1999,AKFIN(FEY),S03H,0,24461,,24461,24461|0,0,1,4011,227,0,4011,0,227,110,"salmon, chinook",chinook
1999,AKFIN(FEY),S03H,0,24470,,24470,24470|0,0.5,0.5,484,35,242,242,17.5,17.5,31,"salmon, chinook",chinook
1999,AKFIN(FEY),S03H,0,24570,,24570,24570|0,0.5,0.5,6,1,3,3,0.5,0.5,1,"salmon, chinook",chinook
1999,AKFIN(FEY),S03H,0,24580,,24580,24580|0,0.5,0.5,444,38,222,222,19,19,27,"salmon, chinook",chinook
1999,AKFIN(FEY),S03H,0,24590,,24590,24590|0,0.5,0.5,756,62,378,378,31,31,45,"salmon, chinook",chinook
2000,AKFIN(FEY),S03H,1,24450,,24450,24450|1,0.75,0.25,2,1,1.5,0.5,0.75,0.25,1,"salmon, chinook",chinook
2000,AKFIN(FEY),S03H,1,24460,,24460,24460|1,0.75,0.25,277,18,207.75,69.25,13.5,4.5,18,"salmon, chinook",chinook
2000,AKFIN(FEY),S03H,1,24461,,24461,24461|1,0,1,193,16,0,193,0,16,12,"salmon, chinook",chinook
2000,AKFIN(FEY),S03H,1,24470,,24470,24470|1,0.75,0.25,47,5,35.25,11.75,3.75,1.25,5,"salmon, chinook",chinook
2000,AKFIN(FEY),S03H,1,24580,,24580,24580|1,0.75,0.25,13,1,9.75,3.25,0.75,0.25,1,"salmon, chinook",chinook
2000,AKFIN(FEY),S03H,1,24590,,24590,24590|1,0.75,0.25,45,3,33.75,11.25,2.25,0.75,2,"salmon, chinook",chinook
2000,AKFIN(FEY),S03H,0,24450,,24450,24450|0,0.5,0.5,88,6,44,44,3,3,6,"salmon, chinook",chinook
2000,AKFIN(FEY),S03H,0,24455,,24455,24455|0,0,1,338,25,0,338,0,25,20,"salmon, chinook",chinook
2000,AKFIN(FEY),S03H,0,24460,,24460,24460|0,0.5,0.5,881,86,440.5,440.5,43,43,64,"salmon, chinook",chinook
2000,AKFIN(FEY),S03H,0,24461,,24461,24461|0,0,1,229,12,0,229,0,12,11,"salmon, chinook",chinook
2000,AKFIN(FEY),S03H,0,24470,,24470,24470|0,0.5,0.5,407,34,203.5,203.5,17,17,24,"salmon, chinook",chinook
2000,AKFIN(FEY),S03H,0,24570,,24570,24570|0,0.5,0.5,112,6,56,56,3,3,5,"salmon, chinook",chinook
2000,AKFIN(FEY),S03H,0,24580,,24580,24580|0,0.5,0.5,272,16,136,136,8,8,13,"salmon, chinook",chinook
2000,AKFIN(FEY),S03H,0,24590,,24590,24590|0,0.5,0.5,400,41,200,200,20.5,20.5,27,"salmon, chinook",chinook
2001,AKFIN(FEY),S03H,0,24450,,24450,24450|0,0.5,0.5,361,29,180.5,180.5,14.5,14.5,27,"salmon, chinook",chinook
2001,AKFIN(FEY),S03H,0,24455,,24455,24455|0,0,1,1278,120,0,1278,0,120,58,"salmon, chinook",chinook
2001,AKFIN(FEY),S03H,0,24460,,24460,24460|0,0.5,0.5,2338,209,1169,1169,104.5,104.5,120,"salmon, chinook",chinook
2001,AKFIN(FEY),S03H,0,24461,,24461,24461|0,0,1,965,78,0,965,0,78,42,"salmon, chinook",chinook
2001,AKFIN(FEY),S03H,0,24470,,24470,24470|0,0.5,0.5,836,69,418,418,34.5,34.5,44,"salmon, chinook",chinook
2001,AKFIN(FEY),S03H,0,24570,,24570,24570|0,0.5,0.5,54,5,27,27,2.5,2.5,5,"salmon, chinook",chinook
2001,AKFIN(FEY),S03H,0,24580,,24580,24580|0,0.5,0.5,276,31,138,138,15.5,15.5,22,"salmon, chinook",chinook
2001,AKFIN(FEY),S03H,0,24590,,24590,24590|0,0.5,0.5,739,78,369.5,369.5,39,39,45,"salmon, chinook",chinook
2002,AKFIN(FEY),S03H,1,24460,,24460,24460|1,0.75,0.25,503,35,377.25,125.75,26.25,8.75,27,"salmon, chinook",chinook
2002,AKFIN(FEY),S03H,1,24580,,24580,24580|1,0.75,0.25,9,1,6.75,2.25,0.75,0.25,1,"salmon, chinook",chinook
2002,AKFIN(FEY),S03H,0,24450,,24450,24450|0,0.5,0.5,287,23,143.5,143.5,11.5,11.5,14,"salmon, chinook",chinook
2002,AKFIN(FEY),S03H,0,24455,,24455,24455|0,0,1,2127,155,0,2127,0,155,93,"salmon, chinook",chinook
2002,AKFIN(FEY),S03H,0,24460,,24460,24460|0,0.5,0.5,1652,126,826,826,63,63,81,"salmon, chinook",chinook
2002,AKFIN(FEY),S03H,0,24461,,24461,24461|0,0,1,478,35,0,478,0,35,20,"salmon, chinook",chinook
2002,AKFIN(FEY),S03H,0,24470,,24470,24470|0,0.5,0.5,180,12,90,90,6,6,9,"salmon, chinook",chinook
2002,AKFIN(FEY),S03H,0,24570,,24570,24570|0,0.5,0.5,42,4,21,21,2,2,1,"salmon, chinook",chinook
2002,AKFIN(FEY),S03H,0,24580,,24580,24580|0,0.5,0.5,122,11,61,61,5.5,5.5,8,"salmon, chinook",chinook
2002,AKFIN(FEY),S03H,0,24590,,24590,24590|0,0.5,0.5,219,13,109.5,109.5,6.5,6.5,9,"salmon, chinook",chinook
2003,AKFIN(FEY),S03H,1,24460,,24460,24460|1,0.75,0.25,1477,132,1107.75,369.25,99,33,92,"salmon, chinook",chinook
2003,AKFIN(FEY),S03H,5,24460,,24460,24460|5,0.5,0.5,523,41,261.5,261.5,20.5,20.5,29,"salmon, chinook",chinook
2003,AKFIN(FEY),S03H,0,24455,,24455,24455|0,0,1,5947,430,0,5947,0,430,173,"salmon, chinook",chinook
2003,AKFIN(FEY),S03H,0,24460,,24460,24460|0,0.5,0.5,6346,617,3173,3173,308.5,308.5,219,"salmon, chinook",chinook
2003,AKFIN(FEY),S03H,0,24461,,24461,24461|0,0,1,375,20,0,375,0,20,10,"salmon, chinook",chinook
2004,AKFIN(FEY),S03H,1,24460,,24460,24460|1,0.75,0.25,1455,94,1091.25,363.75,70.5,23.5,69,"salmon, chinook",chinook
2004,AKFIN(FEY),S03H,0,24426,,24426,24426|0,0,1,238,9,0,238,0,9,4,"salmon, chinook",chinook
2004,AKFIN(FEY),S03H,0,24455,,24455,24455|0,0,1,2326,112,0,2326,0,112,76,"salmon, chinook",chinook
2004,AKFIN(FEY),S03H,0,24456,,24456,24456|0,0,1,2001,113,0,2001,0,113,68,"salmon, chinook",chinook
2004,AKFIN(FEY),S03H,0,24460,,24460,24460|0,0.5,0.5,6711,470,3355.5,3355.5,235,235,180,"salmon, chinook",chinook
2004,AKFIN(FEY),S03H,0,24461,,24461,24461|0,0,1,4418,306,0,4418,0,306,141,"salmon, chinook",chinook
2005,AKFIN(FEY),S03H,1,24460,,24460,24460|1,0.75,0.25,3222,216,2416.5,805.5,162,54,149,"salmon, chinook",chinook
2005,AKFIN(FEY),S03H,4,24460,,24460,24460|4,0.25,0.75,72,4,18,54,1,3,4,"salmon, chinook",chinook
2005,AKFIN(FEY),S03H,5,24460,,24460,24460|5,0.5,0.5,1413,80,706.5,706.5,40,40,59,"salmon, chinook",chinook
2005,AKFIN(FEY),S03H,0,24426,,24426,24426|0,0,1,2338,119,0,2338,0,119,35,"salmon, chinook",chinook
2005,AKFIN(FEY),S03H,0,24455,,24455,24455|0,0,1,9716,633,0,9716,0,633,214,"salmon, chinook",chinook
2005,AKFIN(FEY),S03H,0,24456,,24456,24456|0,0,1,3206,173,0,3206,0,173,101,"salmon, chinook",chinook
2005,AKFIN(FEY),S03H,0,24460,,24460,24460|0,0.5,0.5,7097,619,3548.5,3548.5,309.5,309.5,226,"salmon, chinook",chinook
2005,AKFIN(FEY),S03H,0,24461,,24461,24461|0,0,1,2071,114,0,2071,0,114,69,"salmon, chinook",chinook
2006,AKFIN(FEY),S03H,1,24460,,24460,24460|1,0.75,0.25,976,71,732,244,53.25,17.75,22,"salmon, chinook",chinook
2006,AKFIN(FEY),S03H,4,24460,,24460,24460|4,0.25,0.75,44,1,11,33,0.25,0.75,1,"salmon, chinook",chinook
2006,AKFIN(FEY),S03H,0,24426,,24426,24426|0,0,1,34979,1731,0,34979,0,1731,176,"salmon, chinook",chinook
2006,AKFIN(FEY),S03H,0,24455,,24455,24455|0,0,1,3018,207,0,3018,0,207,99,"salmon, chinook",chinook
2006,AKFIN(FEY),S03H,0,24456,,24456,24456|0,0,1,685,27,0,685,0,27,21,"salmon, chinook",chinook
2006,AKFIN(FEY),S03H,0,24460,,24460,24460|0,0.5,0.5,7650,714,3825,3825,357,357,191,"salmon, chinook",chinook
2006,AKFIN(FEY),S03H,0,24461,,24461,24461|0,0,1,322,31,0,322,0,31,20,"salmon, chinook",chinook
2007,AKFIN(FEY),S03H,1,24460,,24460,24460|1,0.75,0.25,3251,276,2438.25,812.75,207,69,153,"salmon, chinook",chinook
2007,AKFIN(FEY),S03H,4,24460,,24460,24460|4,0.25,0.75,77,10,19.25,57.75,2.5,7.5,8,"salmon, chinook",chinook
2007,AKFIN(FEY),S03H,0,24426,,24426,24426|0,0,1,319,16,0,319,0,16,8,"salmon, chinook",chinook
2007,AKFIN(FEY),S03H,0,24455,,24455,24455|0,0,1,2284,143,0,2284,0,143,87,"salmon, chinook",chinook
2007,AKFIN(FEY),S03H,0,24460,,24460,24460|0,0.5,0.5,4338,389,2169,2169,194.5,194.5,139,"salmon, chinook",chinook
2007,AKFIN(FEY),S03H,0,24461,,24461,24461|0,0,1,1148,78,0,1148,0,78,56,"salmon, chinook",chinook
2008,AKFIN(FEY),S03H,1,24460,,24460,24460|1,0.75,0.25,159,15,119.25,39.75,11.25,3.75,14,"salmon, chinook",chinook
2008,AKFIN(FEY),S03H,4,24460,,24460,24460|4,0.25,0.75,5,1,1.25,3.75,0.25,0.75,1,"salmon, chinook",chinook
2008,AKFIN(FEY),S03H,5,24460,,24460,24460|5,0.5,0.5,1135,61,567.5,567.5,30.5,30.5,44,"salmon, chinook",chinook
2008,AKFIN(FEY),S03H,0,24426,,24426,24426|0,0,1,9032,358,0,9032,0,358,51,"salmon, chinook",chinook
2008,AKFIN(FEY),S03H,0,24455,,24455,24455|0,0,1,357,18,0,357,0,18,15,"salmon, chinook",chinook
2008,AKFIN(FEY),S03H,0,24460,,24460,24460|0,0.5,0.5,2702,170,1351,1351,85,85,66,"salmon, chinook",chinook
2008,AKFIN(FEY),S03H,0,24461,,24461,24461|0,0,1,379,30,0,379,0,30,22,"salmon, chinook",chinook
2009,AKFIN(FEY),S03H,1,24460,,24460,24460|1,0.75,0.25,2217,241,1662.75,554.25,180.75,60.25,111,"salmon, chinook",chinook
2009,AKFIN(FEY),S03H,4,24460,,24460,24460|4,0.25,0.75,50,4,12.5,37.5,1,3,4,"salmon, chinook",chinook
2009,AKFIN(FEY),S03H,5,24460,,24460,24460|5,0.5,0.5,1077,104,538.5,538.5,52,52,61,"salmon, chinook",chinook
2009,AKFIN(FEY),S03H,0,24460,,24460,24460|0,0.5,0.5,4508,495,2254,2254,247.5,247.5,148,"salmon, chinook",chinook
2009,AKFIN(FEY),S03H,0,24461,,24461,24461|0,0,1,156,14,0,156,0,14,9,"salmon, chinook",chinook
2009,AKFIN(FEY),S03H,0,24510,,24510,24510|0,0,1,10,1,0,10,0,1,1,"salmon, chinook",chinook
2010,AKFIN(FEY),S03H,1,24460,,24460,24460|1,0.75,0.25,1020,111,765,255,83.25,27.75,71,"salmon, chinook",chinook
2010,AKFIN(FEY),S03H,4,24460,,24460,24460|4,0.25,0.75,16,1,4,12,0.25,0.75,1,"salmon, chinook",chinook
2010,AKFIN(FEY),S03H,5,24460,,24460,24460|5,0.5,0.5,158,14,79,79,7,7,5,"salmon, chinook",chinook
2010,AKFIN(FEY),S03H,0,24455,,24455,24455|0,0,1,2925,140,0,2925,0,140,61,"salmon, chinook",chinook
2010,AKFIN(FEY),S03H,0,24460,,24460,24460|0,0.5,0.5,2192,229,1096,1096,114.5,114.5,102,"salmon, chinook",chinook
2010,AKFIN(FEY),S03H,0,24461,,24461,24461|0,0,1,467,43,0,467,0,43,24,"salmon, chinook",chinook
2011,AKFIN(FEY),S03H,1,24460,,24460,24460|1,0.75,0.25,866,65,649.5,216.5,48.75,16.25,50,"salmon, chinook",chinook
2011,AKFIN(FEY),S03H,4,24460,,24460,24460|4,0.25,0.75,5,1,1.25,3.75,0.25,0.75,1,"salmon, chinook",chinook
2011,AKFIN(FEY),S03H,0,24456,,24456,24456|0,0,1,2523,190,0,2523,0,190,129,"salmon, chinook",chinook
2011,AKFIN(FEY),S03H,0,24460,,24460,24460|0,0.5,0.5,3007,311,1503.5,1503.5,155.5,155.5,144,"salmon, chinook",chinook
2011,AKFIN(FEY),S03H,0,24461,,24461,24461|0,0,1,378,26,0,378,0,26,13,"salmon, chinook",chinook
2012,AKFIN(FEY),S03H,1,24460,,24460,24460|1,0.75,0.25,552,51,414,138,38.25,12.75,37,"salmon, chinook",chinook
2012,AKFIN(FEY),S03H,5,24460,,24460,24460|5,0.5,0.5,195,16,97.5,97.5,8,8,9,"salmon, chinook",chinook
2012,AKFIN(FEY),S03H,0,24456,,24456,24456|0,0,1,659,55,0,659,0,55,33,"salmon, chinook",chinook
2012,AKFIN(FEY),S03H,0,24460,,24460,24460|0,0.5,0.5,886,96,443,443,48,48,64,"salmon, chinook",chinook
2013,AKFIN(FEY),S03H,1,24426,,24426,24426|1,0,1,4,1,0,4,0,1,1,"salmon, chinook",chinook
2013,AKFIN(FEY),S03H,1,24460,,24460,24460|1,0.75,0.25,1328,133,996,332,99.75,33.25,90,"salmon, chinook",chinook
2013,AKFIN(FEY),S03H,0,24426,,24426,24426|0,0,1,218,10,0,218,0,10,4,"salmon, chinook",chinook
2013,AKFIN(FEY),S03H,0,24456,,24456,24456|0,0,1,1782,181,0,1782,0,181,98,"salmon, chinook",chinook
2013,AKFIN(FEY),S03H,0,24460,,24460,24460|0,0.5,0.5,1384,158,692,692,79,79,86,"salmon, chinook",chinook
2013,AKFIN(FEY),S03H,0,24461,,24461,24461|0,0,1,87,9,0,87,0,9,8,"salmon, chinook",chinook
2013,AKFIN(FEY),S03H,0,24510,,24510,24510|0,0,1,7,1,0,7,0,1,1,"salmon, chinook",chinook
2014,AKFIN(FEY),S03H,1,24460,,24460,24460|1,0.75,0.25,891,85,668.25,222.75,63.75,21.25,64,"salmon, chinook",chinook
2014,AKFIN(FEY),S03H,4,24460,,24460,24460|4,0.25,0.75,6,1,1.5,4.5,0.25,0.75,1,"salmon, chinook",chinook
2014,AKFIN(FEY),S03H,0,24426,,24426,24426|0,0,1,730,36,0,730,0,36,13,"salmon, chinook",chinook
2014,AKFIN(FEY),S03H,0,24456,,24456,24456|0,0,1,344,42,0,344,0,42,33,"salmon, chinook",chinook
2014,AKFIN(FEY),S03H,0,24457,,24457,24457|0,0.06,0.94,1069,66,64.14,1004.86,3.96,62.04,43,"salmon, chinook",chinook
2014,AKFIN(FEY),S03H,0,24460,,24460,24460|0,0.5,0.5,1009,135,504.5,504.5,67.5,67.5,86,"salmon, chinook",chinook
2014,AKFIN(FEY),S03H,0,24461,,24461,24461|0,0,1,149,17,0,149,0,17,14,"salmon, chinook",chinook
2015,AKFIN(FEY),S03H,1,24460,,24460,24460|1,0.75,0.25,1080,115,810,270,86.25,28.75,76,"salmon, chinook",chinook
2015,AKFIN(FEY),S03H,4,24460,,24460,24460|4,0.25,0.75,10,2,2.5,7.5,0.5,1.5,2,"salmon, chinook",chinook
2015,AKFIN(FEY),S03H,0,24426,,24426,24426|0,0,1,1328,89,0,1328,0,89,32,"salmon, chinook",chinook
2015,AKFIN(FEY),S03H,0,24456,,24456,24456|0,0,1,807,79,0,807,0,79,45,"salmon, chinook",chinook
2015,AKFIN(FEY),S03H,0,24457,,24457,24457|0,0.06,0.94,1736,131,104.16,1631.84,7.86,123.14,81,"salmon, chinook",chinook
2015,AKFIN(FEY),S03H,0,24460,,24460,24460|0,0.5,0.5,1242,137,621,621,68.5,68.5,78,"salmon, chinook",chinook
2015,AKFIN(FEY),S03H,0,24461,,24461,24461|0,0,1,19,3,0,19,0,3,3,"salmon, chinook",chinook
2016,AKFIN(FEY),S03H,1,24460,,24460,24460|1,0.75,0.25,1440,129,1080,360,96.75,32.25,80,"salmon, chinook",chinook
2016,AKFIN(FEY),S03H,4,24460,,24460,24460|4,0.25,0.75,7,2,1.75,5.25,0.5,1.5,2,"salmon, chinook",chinook
2016,AKFIN(FEY),S03H,0,24456,,24456,24456|0,0,1,964,95,0,964,0,95,63,"salmon, chinook",chinook
2016,AKFIN(FEY),S03H,0,24457,,24457,24457|0,0.06,0.94,1553,96,93.18,1459.82,5.76,90.24,67,"salmon, chinook",chinook
2016,AKFIN(FEY),S03H,0,24460,,24460,24460|0,0.5,0.5,2473,267,1236.5,1236.5,133.5,133.5,129,"salmon, chinook",chinook
2016,AKFIN(FEY),S03H,0,24461,,24461,24461|0,0,1,190,16,0,190,0,16,14,"salmon, chinook",chinook
2016,AKFIN(FEY),S03H,0,24510,,24510,24510|0,0,1,8,1,0,8,0,1,1,"salmon, chinook",chinook
2017,AKFIN(FEY),S03H,1,24460,,24460,24460|1,0.75,0.25,350,28,262.5,87.5,21,7,26,"salmon, chinook",chinook
2017,AKFIN(FEY),S03H,4,24460,,24460,24460|4,0.25,0.75,14,2,3.5,10.5,0.5,1.5,2,"salmon, chinook",chinook
2017,AKFIN(FEY),S03H,0,24456,,24456,24456|0,0,1,1528,84,0,1528,0,84,57,"salmon, chinook",chinook
2017,AKFIN(FEY),S03H,0,24457,,24457,24457|0,0.06,0.94,410,21,24.6,385.4,1.26,19.74,18,"salmon, chinook",chinook
2017,AKFIN(FEY),S03H,0,24460,,24460,24460|0,0.5,0.5,1216,108,608,608,54,54,73,"salmon, chinook",chinook
2017,AKFIN(FEY),S03H,0,24461,,24461,24461|0,0,1,274,20,0,274,0,20,17,"salmon, chinook",chinook
2017,AKFIN(FEY),S03H,0,24510,,24510,24510|0,0,1,5,1,0,5,0,1,1,"salmon, chinook",chinook
2018,AKFIN(FEY),S03H,1,24460,,24460,24460|1,0.75,0.25,1205,138,903.75,301.25,103.5,34.5,81,"salmon, chinook",chinook
2018,AKFIN(FEY),S03H,3,24460,,24460,24460|3,0,1,23,3,0,23,0,3,3,"salmon, chinook",chinook
2018,AKFIN(FEY),S03H,4,24460,,24460,24460|4,0.25,0.75,34,3,8.5,25.5,0.75,2.25,3,"salmon, chinook",chinook
2018,AKFIN(FEY),S03H,0,24426,,24426,24426|0,0,1,168,4,0,168,0,4,3,"salmon, chinook",chinook
2018,AKFIN(FEY),S03H,0,24457,,24457,24457|0,0.06,0.94,234,36,14.04,219.96,2.16,33.84,24,"salmon, chinook",chinook
2018,AKFIN(FEY),S03H,0,24460,,24460,24460|0,0.5,0.5,2378,311,1189,1189,155.5,155.5,129,"salmon, chinook",chinook
2018,AKFIN(FEY),S03H,0,24461,,24461,24461|0,0,1,64,8,0,64,0,8,6,"salmon, chinook",chinook
2019,AKFIN(FEY),S03H,1,24460,,24460,24460|1,0.75,0.25,410,48,307.5,102.5,36,12,43,"salmon, chinook",chinook
2019,AKFIN(FEY),S03H,4,24460,,24460,24460|4,0.25,0.75,5,1,1.25,3.75,0.25,0.75,1,"salmon, chinook",chinook
2019,AKFIN(FEY),S03H,5,24460,,24460,24460|5,0.5,0.5,34,4,17,17,2,2,4,"salmon, chinook",chinook
2019,AKFIN(FEY),S03H,0,24457,,24457,24457|0,0.06,0.94,379,35,22.74,356.26,2.1,32.9,31,"salmon, chinook",chinook
2019,AKFIN(FEY),S03H,0,24460,,24460,24460|0,0.5,0.5,637.5,85,318.75,318.75,42.5,42.5,56,"salmon, chinook",chinook
2019,AKFIN(FEY),S03H,0,24461,,24461,24461|0,0,1,117,5,0,117,0,5,5,"salmon, chinook",chinook
1999,AKFIN(FEY),S03H,0,24450,,24450,24450|0,0.5,0.5,32038,4072,16019,16019,2036,2036,105,"salmon, chum",chum
1999,AKFIN(FEY),S03H,0,24451,,24451,24451|0,0,1,14740,1817,0,14740,0,1817,198,"salmon, chum",chum
1999,AKFIN(FEY),S03H,0,24460,,24460,24460|0,0.5,0.5,752015,94121,376007.5,376007.5,47060.5,47060.5,474,"salmon, chum",chum
1999,AKFIN(FEY),S03H,0,24461,,24461,24461|0,0,1,30035,3693,0,30035,0,3693,338,"salmon, chum",chum
1999,AKFIN(FEY),S03H,0,24470,,24470,24470|0,0.5,0.5,135878,16901,67939,67939,8450.5,8450.5,237,"salmon, chum",chum
1999,AKFIN(FEY),S03H,0,24570,,24570,24570|0,0.5,0.5,7809,981,3904.5,3904.5,490.5,490.5,18,"salmon, chum",chum
1999,AKFIN(FEY),S03H,0,24580,,24580,24580|0,0.5,0.5,153644,19115,76822,76822,9557.5,9557.5,193,"salmon, chum",chum
1999,AKFIN(FEY),S03H,0,24590,,24590,24590|0,0.5,0.5,208173,25912,104086.5,104086.5,12956,12956,244,"salmon, chum",chum
2000,AKFIN(FEY),S03H,1,24450,,24450,24450|1,0.75,0.25,343,54,257.25,85.75,40.5,13.5,3,"salmon, chum",chum
2000,AKFIN(FEY),S03H,1,24460,,24460,24460|1,0.75,0.25,139168,17783,104376,34792,13337.25,4445.75,342,"salmon, chum",chum
2000,AKFIN(FEY),S03H,1,24461,,24461,24461|1,0,1,298,37,0,298,0,37,26,"salmon, chum",chum
2000,AKFIN(FEY),S03H,1,24470,,24470,24470|1,0.75,0.25,33966,4373,25474.5,8491.5,3279.75,1093.25,60,"salmon, chum",chum
2000,AKFIN(FEY),S03H,1,24570,,24570,24570|1,0.75,0.25,683,98,512.25,170.75,73.5,24.5,2,"salmon, chum",chum
2000,AKFIN(FEY),S03H,1,24580,,24580,24580|1,0.75,0.25,17259,2631,12944.25,4314.75,1973.25,657.75,34,"salmon, chum",chum
2000,AKFIN(FEY),S03H,1,24590,,24590,24590|1,0.75,0.25,23046,3115,17284.5,5761.5,2336.25,778.75,28,"salmon, chum",chum
2000,AKFIN(FEY),S03H,0,24450,,24450,24450|0,0.5,0.5,99108,12709,49554,49554,6354.5,6354.5,173,"salmon, chum",chum
2000,AKFIN(FEY),S03H,0,24455,,24455,24455|0,0,1,25333,3413,0,25333,0,3413,166,"salmon, chum",chum
2000,AKFIN(FEY),S03H,0,24460,,24460,24460|0,0.5,0.5,405825,52902,202912.5,202912.5,26451,26451,482,"salmon, chum",chum
2000,AKFIN(FEY),S03H,0,24461,,24461,24461|0,0,1,33264,4530,0,33264,0,4530,96,"salmon, chum",chum
2000,AKFIN(FEY),S03H,0,24470,,24470,24470|0,0.5,0.5,43549,5458,21774.5,21774.5,2729,2729,215,"salmon, chum",chum
2000,AKFIN(FEY),S03H,0,24570,,24570,24570|0,0.5,0.5,16352,2053,8176,8176,1026.5,1026.5,84,"salmon, chum",chum
2000,AKFIN(FEY),S03H,0,24580,,24580,24580|0,0.5,0.5,31345,4053,15672.5,15672.5,2026.5,2026.5,145,"salmon, chum",chum
2000,AKFIN(FEY),S03H,0,24590,,24590,24590|0,0.5,0.5,38540,4865,19270,19270,2432.5,2432.5,200,"salmon, chum",chum
2001,AKFIN(FEY),S03H,0,24450,,24450,24450|0,0.5,0.5,105732,13256,52866,52866,6628,6628,311,"salmon, chum",chum
2001,AKFIN(FEY),S03H,0,24455,,24455,24455|0,0,1,15658,1983,0,15658,0,1983,218,"salmon, chum",chum
2001,AKFIN(FEY),S03H,0,24460,,24460,24460|0,0.5,0.5,264328,38494,132164,132164,19247,19247,429,"salmon, chum",chum
2001,AKFIN(FEY),S03H,0,24461,,24461,24461|0,0,1,2476,351,0,2476,0,351,59,"salmon, chum",chum
2001,AKFIN(FEY),S03H,0,24470,,24470,24470|0,0.5,0.5,31409,3875,15704.5,15704.5,1937.5,1937.5,169,"salmon, chum",chum
2001,AKFIN(FEY),S03H,0,24570,,24570,24570|0,0.5,0.5,7059,886,3529.5,3529.5,443,443,45,"salmon, chum",chum
2001,AKFIN(FEY),S03H,0,24580,,24580,24580|0,0.5,0.5,51940,11703,25970,25970,5851.5,5851.5,169,"salmon, chum",chum
2001,AKFIN(FEY),S03H,0,24590,,24590,24590|0,0.5,0.5,40468,5051,20234,20234,2525.5,2525.5,170,"salmon, chum",chum
2002,AKFIN(FEY),S03H,1,24460,,24460,24460|1,0.75,0.25,301971,38495,226478.25,75492.75,28871.25,9623.75,287,"salmon, chum",chum
2002,AKFIN(FEY),S03H,1,24470,,24470,24470|1,0.75,0.25,9035,1176,6776.25,2258.75,882,294,7,"salmon, chum",chum
2002,AKFIN(FEY),S03H,1,24580,,24580,24580|1,0.75,0.25,9697,1247,7272.75,2424.25,935.25,311.75,6,"salmon, chum",chum
2002,AKFIN(FEY),S03H,1,24590,,24590,24590|1,0.75,0.25,5208,592,3906,1302,444,148,3,"salmon, chum",chum
2002,AKFIN(FEY),S03H,0,24450,,24450,24450|0,0.5,0.5,121493,14551,60746.5,60746.5,7275.5,7275.5,169,"salmon, chum",chum
2002,AKFIN(FEY),S03H,0,24455,,24455,24455|0,0,1,97429,12713,0,97429,0,12713,306,"salmon, chum",chum
2002,AKFIN(FEY),S03H,0,24460,,24460,24460|0,0.5,0.5,1082353,137767,541176.5,541176.5,68883.5,68883.5,399,"salmon, chum",chum
2002,AKFIN(FEY),S03H,0,24461,,24461,24461|0,0,1,523,66,0,523,0,66,21,"salmon, chum",chum
2002,AKFIN(FEY),S03H,0,24470,,24470,24470|0,0.5,0.5,41416,5553,20708,20708,2776.5,2776.5,69,"salmon, chum",chum
2002,AKFIN(FEY),S03H,0,24570,,24570,24570|0,0.5,0.5,6034,691,3017,3017,345.5,345.5,8,"salmon, chum",chum
2002,AKFIN(FEY),S03H,0,24580,,24580,24580|0,0.5,0.5,59378,7459,29689,29689,3729.5,3729.5,60,"salmon, chum",chum
2002,AKFIN(FEY),S03H,0,24590,,24590,24590|0,0.5,0.5,32961,4277,16480.5,16480.5,2138.5,2138.5,38,"salmon, chum",chum
2003,AKFIN(FEY),S03H,1,24460,,24460,24460|1,0.75,0.25,96434,13929,72325.5,24108.5,10446.75,3482.25,379,"salmon, chum",chum
2003,AKFIN(FEY),S03H,5,24460,,24460,24460|5,0.5,0.5,176504,25411,88252,88252,12705.5,12705.5,329,"salmon, chum",chum
2003,AKFIN(FEY),S03H,0,24455,,24455,24455|0,0,1,46132,6867,0,46132,0,6867,313,"salmon, chum",chum
2003,AKFIN(FEY),S03H,0,24460,,24460,24460|0,0.5,0.5,418289,60144,209144.5,209144.5,30072,30072,415,"salmon, chum",chum
2003,AKFIN(FEY),S03H,0,24461,,24461,24461|0,0,1,964,117,0,964,0,117,8,"salmon, chum",chum
2004,AKFIN(FEY),S03H,1,24460,,24460,24460|1,0.75,0.25,83063,10957,62297.25,20765.75,8217.75,2739.25,316,"salmon, chum",chum
2004,AKFIN(FEY),S03H,0,24455,,24455,24455|0,0,1,12578,1746,0,12578,0,1746,182,"salmon, chum",chum
2004,AKFIN(FEY),S03H,0,24456,,24456,24456|0,0,1,57898,7868,0,57898,0,7868,265,"salmon, chum",chum
2004,AKFIN(FEY),S03H,0,24460,,24460,24460|0,0.5,0.5,838714,112584,419357,419357,56292,56292,435,"salmon, chum",chum
2004,AKFIN(FEY),S03H,0,24461,,24461,24461|0,0,1,30617,3886,0,30617,0,3886,281,"salmon, chum",chum
2005,AKFIN(FEY),S03H,1,24460,,24460,24460|1,0.75,0.25,168766,23018,126574.5,42191.5,17263.5,5754.5,463,"salmon, chum",chum
2005,AKFIN(FEY),S03H,4,24460,,24460,24460|4,0.25,0.75,2471,366,617.75,1853.25,91.5,274.5,33,"salmon, chum",chum
2005,AKFIN(FEY),S03H,5,24460,,24460,24460|5,0.5,0.5,34082,4660,17041,17041,2330,2330,402,"salmon, chum",chum
2005,AKFIN(FEY),S03H,0,24426,,24426,24426|0,0,1,402,54,0,402,0,54,4,"salmon, chum",chum
2005,AKFIN(FEY),S03H,0,24455,,24455,24455|0,0,1,11850,1696,0,11850,0,1696,326,"salmon, chum",chum
2005,AKFIN(FEY),S03H,0,24456,,24456,24456|0,0,1,52397,7336,0,52397,0,7336,348,"salmon, chum",chum
2005,AKFIN(FEY),S03H,0,24460,,24460,24460|0,0.5,0.5,207046,28387,103523,103523,14193.5,14193.5,451,"salmon, chum",chum
2005,AKFIN(FEY),S03H,0,24461,,24461,24461|0,0,1,1152,154,0,1152,0,154,60,"salmon, chum",chum
2006,AKFIN(FEY),S03H,1,24460,,24460,24460|1,0.75,0.25,141583,19466,106187.25,35395.75,14599.5,4866.5,285,"salmon, chum",chum
2006,AKFIN(FEY),S03H,4,24460,,24460,24460|4,0.25,0.75,4295,565,1073.75,3221.25,141.25,423.75,48,"salmon, chum",chum
2006,AKFIN(FEY),S03H,4,24510,,24510,24510|4,0,1,220,34,0,220,0,34,3,"salmon, chum",chum
2006,AKFIN(FEY),S03H,0,24426,,24426,24426|0,0,1,5705,750,0,5705,0,750,35,"salmon, chum",chum
2006,AKFIN(FEY),S03H,0,24455,,24455,24455|0,0,1,4611,583,0,4611,0,583,143,"salmon, chum",chum
2006,AKFIN(FEY),S03H,0,24456,,24456,24456|0,0,1,7299,1046,0,7299,0,1046,144,"salmon, chum",chum
2006,AKFIN(FEY),S03H,0,24460,,24460,24460|0,0.5,0.5,289639,37318,144819.5,144819.5,18659,18659,367,"salmon, chum",chum
2006,AKFIN(FEY),S03H,0,24461,,24461,24461|0,0,1,1621,203,0,1621,0,203,18,"salmon, chum",chum
2007,AKFIN(FEY),S03H,1,24460,,24460,24460|1,0.75,0.25,301947,40725,226460.25,75486.75,30543.75,10181.25,412,"salmon, chum",chum
2007,AKFIN(FEY),S03H,4,24460,,24460,24460|4,0.25,0.75,2425,379,606.25,1818.75,94.75,284.25,29,"salmon, chum",chum
2007,AKFIN(FEY),S03H,0,24426,,24426,24426|0,0,1,13,2,0,13,0,2,1,"salmon, chum",chum
2007,AKFIN(FEY),S03H,0,24455,,24455,24455|0,0,1,15465,2230,0,15465,0,2230,231,"salmon, chum",chum
2007,AKFIN(FEY),S03H,0,24460,,24460,24460|0,0.5,0.5,227929,31422,113964.5,113964.5,15711,15711,366,"salmon, chum",chum
2007,AKFIN(FEY),S03H,0,24461,,24461,24461|0,0,1,610,78,0,610,0,78,33,"salmon, chum",chum
2008,AKFIN(FEY),S03H,1,24460,,24460,24460|1,0.75,0.25,35678,4695,26758.5,8919.5,3521.25,1173.75,343,"salmon, chum",chum
2008,AKFIN(FEY),S03H,4,24460,,24460,24460|4,0.25,0.75,2784,366,696,2088,91.5,274.5,23,"salmon, chum",chum
2008,AKFIN(FEY),S03H,4,24510,,24510,24510|4,0,1,479,62,0,479,0,62,6,"salmon, chum",chum
2008,AKFIN(FEY),S03H,5,24460,,24460,24460|5,0.5,0.5,178558,23479,89279,89279,11739.5,11739.5,391,"salmon, chum",chum
2008,AKFIN(FEY),S03H,0,24426,,24426,24426|0,0,1,428,55,0,428,0,55,14,"salmon, chum",chum
2008,AKFIN(FEY),S03H,0,24455,,24455,24455|0,0,1,245,30,0,245,0,30,16,"salmon, chum",chum
2008,AKFIN(FEY),S03H,0,24460,,24460,24460|0,0.5,0.5,122159,16398,61079.5,61079.5,8199,8199,385,"salmon, chum",chum
2008,AKFIN(FEY),S03H,0,24461,,24461,24461|0,0,1,6706,874,0,6706,0,874,147,"salmon, chum",chum
2008,AKFIN(FEY),S03H,0,24510,,24510,24510|0,0,1,324,51,0,324,0,51,4,"salmon, chum",chum
2009,AKFIN(FEY),S03H,1,24460,,24460,24460|1,0.75,0.25,85889,12226,64416.75,21472.25,9169.5,3056.5,362,"salmon, chum",chum
2009,AKFIN(FEY),S03H,4,24460,,24460,24460|4,0.25,0.75,3030,440,757.5,2272.5,110,330,26,"salmon, chum",chum
2009,AKFIN(FEY),S03H,5,24460,,24460,24460|5,0.5,0.5,148746,21493,74373,74373,10746.5,10746.5,382,"salmon, chum",chum
2009,AKFIN(FEY),S03H,0,-1,24460,24460,24460|0,0.5,0.5,192,27,96,96,13.5,13.5,1,"salmon, chum",chum
2009,AKFIN(FEY),S03H,0,24460,,24460,24460|0,0.5,0.5,302125,42527,151062.5,151062.5,21263.5,21263.5,380,"salmon, chum",chum
2009,AKFIN(FEY),S03H,0,24461,,24461,24461|0,0,1,111,15,0,111,0,15,11,"salmon, chum",chum
2009,AKFIN(FEY),S03H,0,24510,,24510,24510|0,0,1,2138,372,0,2138,0,372,7,"salmon, chum",chum
2010,AKFIN(FEY),S03H,1,24460,,24460,24460|1,0.75,0.25,467007,68357,350255.25,116751.75,51267.75,17089.25,353,"salmon, chum",chum
2010,AKFIN(FEY),S03H,4,24460,,24460,24460|4,0.25,0.75,6269,1069,1567.25,4701.75,267.25,801.75,14,"salmon, chum",chum
2010,AKFIN(FEY),S03H,4,24510,,24510,24510|4,0,1,4,1,0,4,0,1,1,"salmon, chum",chum
2010,AKFIN(FEY),S03H,5,24460,,24460,24460|5,0.5,0.5,188511,28373,94255.5,94255.5,14186.5,14186.5,293,"salmon, chum",chum
2010,AKFIN(FEY),S03H,0,24455,,24455,24455|0,0,1,31098,4897,0,31098,0,4897,238,"salmon, chum",chum
2010,AKFIN(FEY),S03H,0,24460,,24460,24460|0,0.5,0.5,774591,114096,387295.5,387295.5,57048,57048,363,"salmon, chum",chum
2010,AKFIN(FEY),S03H,0,24461,,24461,24461|0,0,1,31,5,0,31,0,5,5,"salmon, chum",chum
2010,AKFIN(FEY),S03H,0,24510,,24510,24510|0,0,1,986,179,0,986,0,179,3,"salmon, chum",chum
2011,AKFIN(FEY),S03H,1,24460,,24460,24460|1,0.75,0.25,178967,26573,134225.25,44741.75,19929.75,6643.25,423,"salmon, chum",chum
2011,AKFIN(FEY),S03H,4,24460,,24460,24460|4,0.25,0.75,3117,501,779.25,2337.75,125.25,375.75,30,"salmon, chum",chum
2011,AKFIN(FEY),S03H,4,24510,,24510,24510|4,0,1,10,2,0,10,0,2,1,"salmon, chum",chum
2011,AKFIN(FEY),S03H,0,24456,,24456,24456|0,0,1,173712.5,25888,0,173712.5,0,25888,411,"salmon, chum",chum
2011,AKFIN(FEY),S03H,0,24460,,24460,24460|0,0.5,0.5,395375,58085,197687.5,197687.5,29042.5,29042.5,444,"salmon, chum",chum
2011,AKFIN(FEY),S03H,0,24461,,24461,24461|0,0,1,222,33,0,222,0,33,20,"salmon, chum",chum
2012,AKFIN(FEY),S03H,1,24460,,24460,24460|1,0.75,0.25,714986,90501,536239.5,178746.5,67875.75,22625.25,464,"salmon, chum",chum
2012,AKFIN(FEY),S03H,4,24460,,24460,24460|4,0.25,0.75,1444,192,361,1083,48,144,9,"salmon, chum",chum
2012,AKFIN(FEY),S03H,5,24460,,24460,24460|5,0.5,0.5,396054,50002,198027,198027,25001,25001,438,"salmon, chum",chum
2012,AKFIN(FEY),S03H,0,24456,,24456,24456|0,0,1,231876,28981,0,231876,0,28981,463,"salmon, chum",chum
2012,AKFIN(FEY),S03H,0,24460,,24460,24460|0,0.5,0.5,765716,94713,382858,382858,47356.5,47356.5,480,"salmon, chum",chum
2012,AKFIN(FEY),S03H,0,24510,,24510,24510|0,0,1,858,124,0,858,0,124,1,"salmon, chum",chum
2013,AKFIN(FEY),S03H,1,24460,,24460,24460|1,0.75,0.25,585562,79621,439171.5,146390.5,59715.75,19905.25,481,"salmon, chum",chum
2013,AKFIN(FEY),S03H,4,24460,,24460,24460|4,0.25,0.75,4751,696,1187.75,3563.25,174,522,12,"salmon, chum",chum
2013,AKFIN(FEY),S03H,4,24510,,24510,24510|4,0,1,512,65,0,512,0,65,2,"salmon, chum",chum
2013,AKFIN(FEY),S03H,0,24426,,24426,24426|0,0,1,83,12,0,83,0,12,1,"salmon, chum",chum
2013,AKFIN(FEY),S03H,0,24456,,24456,24456|0,0,1,133302,18293,0,133302,0,18293,467,"salmon, chum",chum
2013,AKFIN(FEY),S03H,0,24460,,24460,24460|0,0.5,0.5,258791,33370,129395.5,129395.5,16685,16685,462,"salmon, chum",chum
2013,AKFIN(FEY),S03H,0,24461,,24461,24461|0,0,1,86,11,0,86,0,11,8,"salmon, chum",chum
2013,AKFIN(FEY),S03H,0,24510,,24510,24510|0,0,1,697,104,0,697,0,104,6,"salmon, chum",chum
2014,AKFIN(FEY),S03H,1,24426,,24426,24426|1,0,1,226.7,41,0,226.7,0,41,5,"salmon, chum",chum
2014,AKFIN(FEY),S03H,1,24460,,24460,24460|1,0.75,0.25,470126.3,63081,352594.725,117531.575,47310.75,15770.25,477,"salmon, chum",chum
2014,AKFIN(FEY),S03H,4,24460,,24460,24460|4,0.25,0.75,2816,458,704,2112,114.5,343.5,31,"salmon, chum",chum
2014,AKFIN(FEY),S03H,0,24426,,24426,24426|0,0,1,740.1,123,0,740.1,0,123,17,"salmon, chum",chum
2014,AKFIN(FEY),S03H,0,24456,,24456,24456|0,0,1,40384.9,5443,0,40384.9,0,5443,394,"salmon, chum",chum
2014,AKFIN(FEY),S03H,0,24457,,24457,24457|0,0.06,0.94,141848.9,19358,8510.934,133337.966,1161.48,18196.52,462,"salmon, chum",chum
2014,AKFIN(FEY),S03H,0,24460,,24460,24460|0,0.5,0.5,150309,19761,75154.5,75154.5,9880.5,9880.5,454,"salmon, chum",chum
2014,AKFIN(FEY),S03H,0,24461,,24461,24461|0,0,1,121,15,0,121,0,15,12,"salmon, chum",chum
2014,AKFIN(FEY),S03H,0,24510,,24510,24510|0,0,1,377,65,0,377,0,65,3,"salmon, chum",chum
2015,AKFIN(FEY),S03H,1,24460,,24460,24460|1,0.75,0.25,668325,99932,501243.75,167081.25,74949,24983,464,"salmon, chum",chum
2015,AKFIN(FEY),S03H,4,24460,,24460,24460|4,0.25,0.75,8946,1371,2236.5,6709.5,342.75,1028.25,31,"salmon, chum",chum
2015,AKFIN(FEY),S03H,0,24426,,24426,24426|0,0,1,1773,282,0,1773,0,282,24,"salmon, chum",chum
2015,AKFIN(FEY),S03H,0,24456,,24456,24456|0,0,1,39445,5922,0,39445,0,5922,312,"salmon, chum",chum
2015,AKFIN(FEY),S03H,0,24457,,24457,24457|0,0.06,0.94,403477,61240,24208.62,379268.38,3674.4,57565.6,467,"salmon, chum",chum
2015,AKFIN(FEY),S03H,0,24460,,24460,24460|0,0.5,0.5,547863,82349,273931.5,273931.5,41174.5,41174.5,448,"salmon, chum",chum
2015,AKFIN(FEY),S03H,0,24461,,24461,24461|0,0,1,206,32,0,206,0,32,13,"salmon, chum",chum
2015,AKFIN(FEY),S03H,0,24510,,24510,24510|0,0,1,7579,1203,0,7579,0,1203,15,"salmon, chum",chum
2016,AKFIN(FEY),S03H,1,24460,,24460,24460|1,0.75,0.25,116494,16401,87370.5,29123.5,12300.75,4100.25,440,"salmon, chum",chum
2016,AKFIN(FEY),S03H,4,24460,,24460,24460|4,0.25,0.75,16656,2418,4164,12492,604.5,1813.5,50,"salmon, chum",chum
2016,AKFIN(FEY),S03H,0,24456,,24456,24456|0,0,1,29610.5,4167,0,29610.5,0,4167,383,"salmon, chum",chum
2016,AKFIN(FEY),S03H,0,24457,,24457,24457|0,0.06,0.94,243493,34325,14609.58,228883.42,2059.5,32265.5,443,"salmon, chum",chum
2016,AKFIN(FEY),S03H,0,24460,,24460,24460|0,0.5,0.5,391541.5,54603,195770.75,195770.75,27301.5,27301.5,455,"salmon, chum",chum
2016,AKFIN(FEY),S03H,0,24461,,24461,24461|0,0,1,118,18,0,118,0,18,11,"salmon, chum",chum
2016,AKFIN(FEY),S03H,0,24510,,24510,24510|0,0,1,8654,1326,0,8654,0,1326,13,"salmon, chum",chum
2017,AKFIN(FEY),S03H,1,24460,,24460,24460|1,0.75,0.25,725411.5,85908,544058.625,181352.875,64431,21477,424,"salmon, chum",chum
2017,AKFIN(FEY),S03H,4,24460,,24460,24460|4,0.25,0.75,9931,1404,2482.75,7448.25,351,1053,49,"salmon, chum",chum
2017,AKFIN(FEY),S03H,0,24456,,24456,24456|0,0,1,334584,40813,0,334584,0,40813,418,"salmon, chum",chum
2017,AKFIN(FEY),S03H,0,24457,,24457,24457|0,0.06,0.94,159073,20424,9544.38,149528.62,1225.44,19198.56,347,"salmon, chum",chum
2017,AKFIN(FEY),S03H,0,24460,,24460,24460|0,0.5,0.5,645752,78786,322876,322876,39393,39393,414,"salmon, chum",chum
2017,AKFIN(FEY),S03H,0,24461,,24461,24461|0,0,1,752,99,0,752,0,99,22,"salmon, chum",chum
2017,AKFIN(FEY),S03H,0,24510,,24510,24510|0,0,1,37281,5067,0,37281,0,5067,41,"salmon, chum",chum
2018,AKFIN(FEY),S03H,1,24460,,24460,24460|1,0.75,0.25,535897,63806,401922.75,133974.25,47854.5,15951.5,410,"salmon, chum",chum
2018,AKFIN(FEY),S03H,3,24426,,24426,24426|3,0,1,11,2,0,11,0,2,1,"salmon, chum",chum
2018,AKFIN(FEY),S03H,3,24460,,24460,24460|3,0,1,6680,879,0,6680,0,879,45,"salmon, chum",chum
2018,AKFIN(FEY),S03H,4,24460,,24460,24460|4,0.25,0.75,3584.5,495,896.125,2688.375,123.75,371.25,55,"salmon, chum",chum
2018,AKFIN(FEY),S03H,0,24426,,24426,24426|0,0,1,165,20,0,165,0,20,13,"salmon, chum",chum
2018,AKFIN(FEY),S03H,0,24457,,24457,24457|0,0.06,0.94,74673,9620,4480.38,70192.62,577.2,9042.8,352,"salmon, chum",chum
2018,AKFIN(FEY),S03H,0,24460,,24460,24460|0,0.5,0.5,283079,33101,141539.5,141539.5,16550.5,16550.5,357,"salmon, chum",chum
2018,AKFIN(FEY),S03H,0,24461,,24461,24461|0,0,1,356,36,0,356,0,36,2,"salmon, chum",chum
2018,AKFIN(FEY),S03H,0,24510,,24510,24510|0,0,1,1582,257,0,1582,0,257,14,"salmon, chum",chum
2019,AKFIN(FEY),S03H,1,24460,,24460,24460|1,0.75,0.25,307059.3,43548,230294.475,76764.825,32661,10887,400,"salmon, chum",chum
2019,AKFIN(FEY),S03H,4,24460,,24460,24460|4,0.25,0.75,5322,850,1330.5,3991.5,212.5,637.5,38,"salmon, chum",chum
2019,AKFIN(FEY),S03H,5,24460,,24460,24460|5,0.5,0.5,138061.7,21252,69030.85,69030.85,10626,10626,318,"salmon, chum",chum
2019,AKFIN(FEY),S03H,0,24457,,24457,24457|0,0.06,0.94,154188.4,23148,9251.304,144937.096,1388.88,21759.12,378,"salmon, chum",chum
2019,AKFIN(FEY),S03H,0,24460,,24460,24460|0,0.5,0.5,145652,21330,72826,72826,10665,10665,380,"salmon, chum",chum
2019,AKFIN(FEY),S03H,0,24461,,24461,24461|0,0,1,49,8,0,49,0,8,8,"salmon, chum",chum
2019,AKFIN(FEY),S03H,0,24510,,24510,24510|0,0,1,16029,2382,0,16029,0,2382,29,"salmon, chum",chum
1999,AKFIN(FEY),S03H,0,24450,,24450,24450|0,0.5,0.5,19982,3631,9991,9991,1815.5,1815.5,102,"salmon, coho",coho
1999,AKFIN(FEY),S03H,0,24451,,24451,24451|0,0,1,12984,2222,0,12984,0,2222,207,"salmon, coho",coho
1999,AKFIN(FEY),S03H,0,24460,,24460,24460|0,0.5,0.5,241246,40518,120623,120623,20259,20259,460,"salmon, coho",coho
1999,AKFIN(FEY),S03H,0,24461,,24461,24461|0,0,1,25344,4238,0,25344,0,4238,333,"salmon, coho",coho
1999,AKFIN(FEY),S03H,0,24470,,24470,24470|0,0.5,0.5,15573,2615,7786.5,7786.5,1307.5,1307.5,148,"salmon, coho",coho
1999,AKFIN(FEY),S03H,0,24570,,24570,24570|0,0.5,0.5,16092,2537,8046,8046,1268.5,1268.5,22,"salmon, coho",coho
1999,AKFIN(FEY),S03H,0,24580,,24580,24580|0,0.5,0.5,27290,4715,13645,13645,2357.5,2357.5,139,"salmon, coho",coho
1999,AKFIN(FEY),S03H,0,24590,,24590,24590|0,0.5,0.5,25802,4338,12901,12901,2169,2169,169,"salmon, coho",coho
2000,AKFIN(FEY),S03H,1,24450,,24450,24450|1,0.75,0.25,510,87,382.5,127.5,65.25,21.75,3,"salmon, coho",coho
2000,AKFIN(FEY),S03H,1,24460,,24460,24460|1,0.75,0.25,141342,22049,106006.5,35335.5,16536.75,5512.25,338,"salmon, coho",coho
2000,AKFIN(FEY),S03H,1,24461,,24461,24461|1,0,1,126,17,0,126,0,17,16,"salmon, coho",coho
2000,AKFIN(FEY),S03H,1,24470,,24470,24470|1,0.75,0.25,27533,4193,20649.75,6883.25,3144.75,1048.25,58,"salmon, coho",coho
2000,AKFIN(FEY),S03H,1,24570,,24570,24570|1,0.75,0.25,809,135,606.75,202.25,101.25,33.75,2,"salmon, coho",coho
2000,AKFIN(FEY),S03H,1,24580,,24580,24580|1,0.75,0.25,20364,3333,15273,5091,2499.75,833.25,35,"salmon, coho",coho
2000,AKFIN(FEY),S03H,1,24590,,24590,24590|1,0.75,0.25,17366,2710,13024.5,4341.5,2032.5,677.5,29,"salmon, coho",coho
2000,AKFIN(FEY),S03H,0,24450,,24450,24450|0,0.5,0.5,84958,13331,42479,42479,6665.5,6665.5,169,"salmon, coho",coho
2000,AKFIN(FEY),S03H,0,24455,,24455,24455|0,0,1,21944,3152,0,21944,0,3152,169,"salmon, coho",coho
2000,AKFIN(FEY),S03H,0,24460,,24460,24460|0,0.5,0.5,358244,53701,179122,179122,26850.5,26850.5,466,"salmon, coho",coho
2000,AKFIN(FEY),S03H,0,24461,,24461,24461|0,0,1,42870,6943,0,42870,0,6943,170,"salmon, coho",coho
2000,AKFIN(FEY),S03H,0,24470,,24470,24470|0,0.5,0.5,20515,2989,10257.5,10257.5,1494.5,1494.5,182,"salmon, coho",coho
2000,AKFIN(FEY),S03H,0,24570,,24570,24570|0,0.5,0.5,65603,9976,32801.5,32801.5,4988,4988,98,"salmon, coho",coho
2000,AKFIN(FEY),S03H,0,24580,,24580,24580|0,0.5,0.5,43309,6263,21654.5,21654.5,3131.5,3131.5,143,"salmon, coho",coho
2000,AKFIN(FEY),S03H,0,24590,,24590,24590|0,0.5,0.5,17484,2599,8742,8742,1299.5,1299.5,181,"salmon, coho",coho
2001,AKFIN(FEY),S03H,0,24450,,24450,24450|0,0.5,0.5,57403,8946,28701.5,28701.5,4473,4473,299,"salmon, coho",coho
2001,AKFIN(FEY),S03H,0,24455,,24455,24455|0,0,1,3909,600,0,3909,0,600,162,"salmon, coho",coho
2001,AKFIN(FEY),S03H,0,24460,,24460,24460|0,0.5,0.5,94669,14641,47334.5,47334.5,7320.5,7320.5,401,"salmon, coho",coho
2001,AKFIN(FEY),S03H,0,24461,,24461,24461|0,0,1,257,50,0,257,0,50,11,"salmon, coho",coho
2001,AKFIN(FEY),S03H,0,24470,,24470,24470|0,0.5,0.5,5329,850,2664.5,2664.5,425,425,109,"salmon, coho",coho
2001,AKFIN(FEY),S03H,0,24570,,24570,24570|0,0.5,0.5,40482,6215,20241,20241,3107.5,3107.5,46,"salmon, coho",coho
2001,AKFIN(FEY),S03H,0,24580,,24580,24580|0,0.5,0.5,36489,5588,18244.5,18244.5,2794,2794,142,"salmon, coho",coho
2001,AKFIN(FEY),S03H,0,24590,,24590,24590|0,0.5,0.5,17151,2528,8575.5,8575.5,1264,1264,116,"salmon, coho",coho
2002,AKFIN(FEY),S03H,1,24460,,24460,24460|1,0.75,0.25,188147,28734,141110.25,47036.75,21550.5,7183.5,290,"salmon, coho",coho
2002,AKFIN(FEY),S03H,1,24470,,24470,24470|1,0.75,0.25,6470,1237,4852.5,1617.5,927.75,309.25,8,"salmon, coho",coho
2002,AKFIN(FEY),S03H,1,24580,,24580,24580|1,0.75,0.25,7602,1086,5701.5,1900.5,814.5,271.5,6,"salmon, coho",coho
2002,AKFIN(FEY),S03H,1,24590,,24590,24590|1,0.75,0.25,3469,495,2601.75,867.25,371.25,123.75,3,"salmon, coho",coho
2002,AKFIN(FEY),S03H,0,24450,,24450,24450|0,0.5,0.5,59396,9303,29698,29698,4651.5,4651.5,162,"salmon, coho",coho
2002,AKFIN(FEY),S03H,0,24455,,24455,24455|0,0,1,60937,9214,0,60937,0,9214,310,"salmon, coho",coho
2002,AKFIN(FEY),S03H,0,24460,,24460,24460|0,0.5,0.5,447403,69200,223701.5,223701.5,34600,34600,394,"salmon, coho",coho
2002,AKFIN(FEY),S03H,0,24461,,24461,24461|0,0,1,137,23,0,137,0,23,14,"salmon, coho",coho
2002,AKFIN(FEY),S03H,0,24470,,24470,24470|0,0.5,0.5,2193,350,1096.5,1096.5,175,175,36,"salmon, coho",coho
2002,AKFIN(FEY),S03H,0,24570,,24570,24570|0,0.5,0.5,23583,3385,11791.5,11791.5,1692.5,1692.5,7,"salmon, coho",coho
2002,AKFIN(FEY),S03H,0,24580,,24580,24580|0,0.5,0.5,14272,2090,7136,7136,1045,1045,51,"salmon, coho",coho
2002,AKFIN(FEY),S03H,0,24590,,24590,24590|0,0.5,0.5,4808,714,2404,2404,357,357,26,"salmon, coho",coho
2003,AKFIN(FEY),S03H,1,24460,,24460,24460|1,0.75,0.25,37403,5724,28052.25,9350.75,4293,1431,365,"salmon, coho",coho
2003,AKFIN(FEY),S03H,5,24460,,24460,24460|5,0.5,0.5,75724,11323,37862,37862,5661.5,5661.5,321,"salmon, coho",coho
2003,AKFIN(FEY),S03H,0,24455,,24455,24455|0,0,1,19347,3071,0,19347,0,3071,305,"salmon, coho",coho
2003,AKFIN(FEY),S03H,0,24460,,24460,24460|0,0.5,0.5,213731,32282,106865.5,106865.5,16141,16141,411,"salmon, coho",coho
2003,AKFIN(FEY),S03H,0,24461,,24461,24461|0,0,1,194,32,0,194,0,32,5,"salmon, coho",coho
2004,AKFIN(FEY),S03H,1,24460,,24460,24460|1,0.75,0.25,85181,13049,63885.75,21295.25,9786.75,3262.25,309,"salmon, coho",coho
2004,AKFIN(FEY),S03H,0,24426,,24426,24426|0,0,1,8,1,0,8,0,1,1,"salmon, coho",coho
2004,AKFIN(FEY),S03H,0,24455,,24455,24455|0,0,1,47651,6986,0,47651,0,6986,265,"salmon, coho",coho
2004,AKFIN(FEY),S03H,0,24456,,24456,24456|0,0,1,72318,10693,0,72318,0,10693,300,"salmon, coho",coho
2004,AKFIN(FEY),S03H,0,24460,,24460,24460|0,0.5,0.5,1112615,166203,556307.5,556307.5,83101.5,83101.5,437,"salmon, coho",coho
2004,AKFIN(FEY),S03H,0,24461,,24461,24461|0,0,1,18202,2655,0,18202,0,2655,249,"salmon, coho",coho
2005,AKFIN(FEY),S03H,1,24460,,24460,24460|1,0.75,0.25,223628,35246,167721,55907,26434.5,8811.5,464,"salmon, coho",coho
2005,AKFIN(FEY),S03H,4,24460,,24460,24460|4,0.25,0.75,69534,10952,17383.5,52150.5,2738,8214,53,"salmon, coho",coho
2005,AKFIN(FEY),S03H,5,24460,,24460,24460|5,0.5,0.5,31608,4965,15804,15804,2482.5,2482.5,408,"salmon, coho",coho
2005,AKFIN(FEY),S03H,0,24426,,24426,24426|0,0,1,73,11,0,73,0,11,5,"salmon, coho",coho
2005,AKFIN(FEY),S03H,0,24455,,24455,24455|0,0,1,27297,4459,0,27297,0,4459,387,"salmon, coho",coho
2005,AKFIN(FEY),S03H,0,24456,,24456,24456|0,0,1,111530,17424,0,111530,0,17424,362,"salmon, coho",coho
2005,AKFIN(FEY),S03H,0,24460,,24460,24460|0,0.5,0.5,467375,71622,233687.5,233687.5,35811,35811,447,"salmon, coho",coho
2005,AKFIN(FEY),S03H,0,24461,,24461,24461|0,0,1,453,74,0,453,0,74,47,"salmon, coho",coho
2006,AKFIN(FEY),S03H,1,24460,,24460,24460|1,0.75,0.25,125770,20037,94327.5,31442.5,15027.75,5009.25,286,"salmon, coho",coho
2006,AKFIN(FEY),S03H,4,24460,,24460,24460|4,0.25,0.75,79642,10661,19910.5,59731.5,2665.25,7995.75,59,"salmon, coho",coho
2006,AKFIN(FEY),S03H,4,24510,,24510,24510|4,0,1,12826,1509,0,12826,0,1509,5,"salmon, coho",coho
2006,AKFIN(FEY),S03H,0,24426,,24426,24426|0,0,1,11620,1826,0,11620,0,1826,197,"salmon, coho",coho
2006,AKFIN(FEY),S03H,0,24455,,24455,24455|0,0,1,5317,868,0,5317,0,868,190,"salmon, coho",coho
2006,AKFIN(FEY),S03H,0,24456,,24456,24456|0,0,1,25442,4136,0,25442,0,4136,194,"salmon, coho",coho
2006,AKFIN(FEY),S03H,0,24460,,24460,24460|0,0.5,0.5,368915,59236,184457.5,184457.5,29618,29618,366,"salmon, coho",coho
2006,AKFIN(FEY),S03H,0,24461,,24461,24461|0,0,1,1239,200,0,1239,0,200,42,"salmon, coho",coho
2007,AKFIN(FEY),S03H,1,24460,,24460,24460|1,0.75,0.25,454410,69686,340807.5,113602.5,52264.5,17421.5,411,"salmon, coho",coho
2007,AKFIN(FEY),S03H,4,24460,,24460,24460|4,0.25,0.75,54269,8111,13567.25,40701.75,2027.75,6083.25,33,"salmon, coho",coho
2007,AKFIN(FEY),S03H,4,24510,,24510,24510|4,0,1,3239,414,0,3239,0,414,2,"salmon, coho",coho
2007,AKFIN(FEY),S03H,0,24426,,24426,24426|0,0,1,375,54,0,375,0,54,21,"salmon, coho",coho
2007,AKFIN(FEY),S03H,0,24455,,24455,24455|0,0,1,20174,3199,0,20174,0,3199,298,"salmon, coho",coho
2007,AKFIN(FEY),S03H,0,24460,,24460,24460|0,0.5,0.5,177306,27052,88653,88653,13526,13526,365,"salmon, coho",coho
2007,AKFIN(FEY),S03H,0,24461,,24461,24461|0,0,1,1169,187,0,1169,0,187,69,"salmon, coho",coho
2008,AKFIN(FEY),S03H,1,24460,,24460,24460|1,0.75,0.25,88946,12618,66709.5,22236.5,9463.5,3154.5,354,"salmon, coho",coho
2008,AKFIN(FEY),S03H,4,24460,,24460,24460|4,0.25,0.75,99097,11758,24774.25,74322.75,2939.5,8818.5,30,"salmon, coho",coho
2008,AKFIN(FEY),S03H,4,24510,,24510,24510|4,0,1,9660,1112,0,9660,0,1112,6,"salmon, coho",coho
2008,AKFIN(FEY),S03H,5,24460,,24460,24460|5,0.5,0.5,228864,31979,114432,114432,15989.5,15989.5,397,"salmon, coho",coho
2008,AKFIN(FEY),S03H,0,24426,,24426,24426|0,0,1,7381,1071,0,7381,0,1071,82,"salmon, coho",coho
2008,AKFIN(FEY),S03H,0,24455,,24455,24455|0,0,1,308,50,0,308,0,50,27,"salmon, coho",coho
2008,AKFIN(FEY),S03H,0,24460,,24460,24460|0,0.5,0.5,183170,25907,91585,91585,12953.5,12953.5,375,"salmon, coho",coho
2008,AKFIN(FEY),S03H,0,24461,,24461,24461|0,0,1,22701,3188,0,22701,0,3188,183,"salmon, coho",coho
2008,AKFIN(FEY),S03H,0,24510,,24510,24510|0,0,1,14536,1745,0,14536,0,1745,5,"salmon, coho",coho
2009,AKFIN(FEY),S03H,1,24460,,24460,24460|1,0.75,0.25,34448,5493,25836,8612,4119.75,1373.25,340,"salmon, coho",coho
2009,AKFIN(FEY),S03H,4,24460,,24460,24460|4,0.25,0.75,45854,6837,11463.5,34390.5,1709.25,5127.75,39,"salmon, coho",coho
2009,AKFIN(FEY),S03H,5,24460,,24460,24460|5,0.5,0.5,111675,16723,55837.5,55837.5,8361.5,8361.5,375,"salmon, coho",coho
2009,AKFIN(FEY),S03H,0,-1,24460,24460,24460|0,0.5,0.5,297,37,148.5,148.5,18.5,18.5,1,"salmon, coho",coho
2009,AKFIN(FEY),S03H,0,24460,,24460,24460|0,0.5,0.5,344608,49946,172304,172304,24973,24973,376,"salmon, coho",coho
2009,AKFIN(FEY),S03H,0,24461,,24461,24461|0,0,1,89,12,0,89,0,12,4,"salmon, coho",coho
2009,AKFIN(FEY),S03H,0,24510,,24510,24510|0,0,1,23313,3085,0,23313,0,3085,8,"salmon, coho",coho
2010,AKFIN(FEY),S03H,1,24460,,24460,24460|1,0.75,0.25,242016,37371,181512,60504,28028.25,9342.75,351,"salmon, coho",coho
2010,AKFIN(FEY),S03H,4,24460,,24460,24460|4,0.25,0.75,49196,6672,12299,36897,1668,5004,18,"salmon, coho",coho
2010,AKFIN(FEY),S03H,4,24510,,24510,24510|4,0,1,201,34,0,201,0,34,1,"salmon, coho",coho
2010,AKFIN(FEY),S03H,5,24460,,24460,24460|5,0.5,0.5,76767,11479,38383.5,38383.5,5739.5,5739.5,291,"salmon, coho",coho
2010,AKFIN(FEY),S03H,0,24455,,24455,24455|0,0,1,15490,2410,0,15490,0,2410,235,"salmon, coho",coho
2010,AKFIN(FEY),S03H,0,24460,,24460,24460|0,0.5,0.5,336086,51459,168043,168043,25729.5,25729.5,362,"salmon, coho",coho
2010,AKFIN(FEY),S03H,0,24461,,24461,24461|0,0,1,95,16,0,95,0,16,12,"salmon, coho",coho
2010,AKFIN(FEY),S03H,0,24510,,24510,24510|0,0,1,6617,834,0,6617,0,834,5,"salmon, coho",coho
2011,AKFIN(FEY),S03H,1,24460,,24460,24460|1,0.75,0.25,77699,12699,58274.25,19424.75,9524.25,3174.75,421,"salmon, coho",coho
2011,AKFIN(FEY),S03H,4,24460,,24460,24460|4,0.25,0.75,14173,2372,3543.25,10629.75,593,1779,30,"salmon, coho",coho
2011,AKFIN(FEY),S03H,4,24510,,24510,24510|4,0,1,3208,479,0,3208,0,479,4,"salmon, coho",coho
2011,AKFIN(FEY),S03H,0,24456,,24456,24456|0,0,1,43919,7188,0,43919,0,7188,396,"salmon, coho",coho
2011,AKFIN(FEY),S03H,0,24460,,24460,24460|0,0.5,0.5,110254.9,18112,55127.45,55127.45,9056,9056,431,"salmon, coho",coho
2011,AKFIN(FEY),S03H,0,24461,,24461,24461|0,0,1,50,8,0,50,0,8,6,"salmon, coho",coho
2012,AKFIN(FEY),S03H,1,24460,,24460,24460|1,0.75,0.25,94623,15322,70967.25,23655.75,11491.5,3830.5,446,"salmon, coho",coho
2012,AKFIN(FEY),S03H,4,24460,,24460,24460|4,0.25,0.75,11221,1713,2805.25,8415.75,428.25,1284.75,11,"salmon, coho",coho
2012,AKFIN(FEY),S03H,5,24460,,24460,24460|5,0.5,0.5,157138,25952,78569,78569,12976,12976,430,"salmon, coho",coho
2012,AKFIN(FEY),S03H,0,24456,,24456,24456|0,0,1,42723,7002,0,42723,0,7002,437,"salmon, coho",coho
2012,AKFIN(FEY),S03H,0,24460,,24460,24460|0,0.5,0.5,149798,23897,74899,74899,11948.5,11948.5,463,"salmon, coho",coho
2012,AKFIN(FEY),S03H,0,24510,,24510,24510|0,0,1,5495,792,0,5495,0,792,1,"salmon, coho",coho
2013,AKFIN(FEY),S03H,1,24426,,24426,24426|1,0,1,18,4,0,18,0,4,2,"salmon, coho",coho
2013,AKFIN(FEY),S03H,1,24460,,24460,24460|1,0.75,0.25,672342,106758,504256.5,168085.5,80068.5,26689.5,481,"salmon, coho",coho
2013,AKFIN(FEY),S03H,4,24460,,24460,24460|4,0.25,0.75,27788,4218,6947,20841,1054.5,3163.5,15,"salmon, coho",coho
2013,AKFIN(FEY),S03H,4,24510,,24510,24510|4,0,1,7409,1008,0,7409,0,1008,3,"salmon, coho",coho
2013,AKFIN(FEY),S03H,0,24426,,24426,24426|0,0,1,136,27,0,136,0,27,4,"salmon, coho",coho
2013,AKFIN(FEY),S03H,0,24456,,24456,24456|0,0,1,68823,11338,0,68823,0,11338,470,"salmon, coho",coho
2013,AKFIN(FEY),S03H,0,24460,,24460,24460|0,0.5,0.5,371796,59504,185898,185898,29752,29752,457,"salmon, coho",coho
2013,AKFIN(FEY),S03H,0,24461,,24461,24461|0,0,1,153,27,0,153,0,27,19,"salmon, coho",coho
2013,AKFIN(FEY),S03H,0,24510,,24510,24510|0,0,1,13181,1887,0,13181,0,1887,8,"salmon, coho",coho
2014,AKFIN(FEY),S03H,1,24426,,24426,24426|1,0,1,5.65,1,0,5.65,0,1,2,"salmon, coho",coho
2014,AKFIN(FEY),S03H,1,24460,,24460,24460|1,0.75,0.25,193873.87,30965,145405.4025,48468.4675,23223.75,7741.25,471,"salmon, coho",coho
2014,AKFIN(FEY),S03H,4,24460,,24460,24460|4,0.25,0.75,75341,10221,18835.25,56505.75,2555.25,7665.75,49,"salmon, coho",coho
2014,AKFIN(FEY),S03H,0,24426,,24426,24426|0,0,1,388.88,60,0,388.88,0,60,20,"salmon, coho",coho
2014,AKFIN(FEY),S03H,0,24456,,24456,24456|0,0,1,4686,808,0,4686,0,808,271,"salmon, coho",coho
2014,AKFIN(FEY),S03H,0,24457,,24457,24457|0,0.06,0.94,76639.6,12887,4598.376,72041.224,773.22,12113.78,455,"salmon, coho",coho
2014,AKFIN(FEY),S03H,0,24460,,24460,24460|0,0.5,0.5,121883,19685,60941.5,60941.5,9842.5,9842.5,422,"salmon, coho",coho
2014,AKFIN(FEY),S03H,0,24461,,24461,24461|0,0,1,68,13,0,68,0,13,9,"salmon, coho",coho
2014,AKFIN(FEY),S03H,0,24510,,24510,24510|0,0,1,16058,2292,0,16058,0,2292,3,"salmon, coho",coho
2015,AKFIN(FEY),S03H,1,24460,,24460,24460|1,0.75,0.25,219552,36858,164664,54888,27643.5,9214.5,464,"salmon, coho",coho
2015,AKFIN(FEY),S03H,4,24460,,24460,24460|4,0.25,0.75,48151,8137,12037.75,36113.25,2034.25,6102.75,35,"salmon, coho",coho
2015,AKFIN(FEY),S03H,0,24426,,24426,24426|0,0,1,2044,311,0,2044,0,311,57,"salmon, coho",coho
2015,AKFIN(FEY),S03H,0,24456,,24456,24456|0,0,1,6161.0029,1119,0,6161.0029,0,1119,257,"salmon, coho",coho
2015,AKFIN(FEY),S03H,0,24457,,24457,24457|0,0.06,0.94,158556,26900,9513.36,149042.64,1614,25286,463,"salmon, coho",coho
2015,AKFIN(FEY),S03H,0,24460,,24460,24460|0,0.5,0.5,329610,53915,164805,164805,26957.5,26957.5,436,"salmon, coho",coho
2015,AKFIN(FEY),S03H,0,24461,,24461,24461|0,0,1,86,13,0,86,0,13,6,"salmon, coho",coho
2015,AKFIN(FEY),S03H,0,24510,,24510,24510|0,0,1,20330,3467,0,20330,0,3467,16,"salmon, coho",coho
2016,AKFIN(FEY),S03H,1,24460,,24460,24460|1,0.75,0.25,98304,15574,73728,24576,11680.5,3893.5,435,"salmon, coho",coho
2016,AKFIN(FEY),S03H,4,24460,,24460,24460|4,0.25,0.75,45820,6455,11455,34365,1613.75,4841.25,56,"salmon, coho",coho
2016,AKFIN(FEY),S03H,0,24456,,24456,24456|0,0,1,12139.5,1947,0,12139.5,0,1947,335,"salmon, coho",coho
2016,AKFIN(FEY),S03H,0,24457,,24457,24457|0,0.06,0.94,102963,16228,6177.78,96785.22,973.68,15254.32,442,"salmon, coho",coho
2016,AKFIN(FEY),S03H,0,24460,,24460,24460|0,0.5,0.5,267057,45815,133528.5,133528.5,22907.5,22907.5,451,"salmon, coho",coho
2016,AKFIN(FEY),S03H,0,24461,,24461,24461|0,0,1,22,4,0,22,0,4,4,"salmon, coho",coho
2016,AKFIN(FEY),S03H,0,24510,,24510,24510|0,0,1,31928,4219,0,31928,0,4219,16,"salmon, coho",coho
2017,AKFIN(FEY),S03H,1,24460,,24460,24460|1,0.75,0.25,286062,44679,214546.5,71515.5,33509.25,11169.75,405,"salmon, coho",coho
2017,AKFIN(FEY),S03H,4,24460,,24460,24460|4,0.25,0.75,67817,10407,16954.25,50862.75,2601.75,7805.25,52,"salmon, coho",coho
2017,AKFIN(FEY),S03H,0,24456,,24456,24456|0,0,1,24261,4294,0,24261,0,4294,391,"salmon, coho",coho
2017,AKFIN(FEY),S03H,0,24457,,24457,24457|0,0.06,0.94,82828,13456,4969.68,77858.32,807.36,12648.64,344,"salmon, coho",coho
2017,AKFIN(FEY),S03H,0,24460,,24460,24460|0,0.5,0.5,609114,94464,304557,304557,47232,47232,382,"salmon, coho",coho
2017,AKFIN(FEY),S03H,0,24461,,24461,24461|0,0,1,69,13,0,69,0,13,13,"salmon, coho",coho
2017,AKFIN(FEY),S03H,0,24510,,24510,24510|0,0,1,163240,24177,0,163240,0,24177,41,"salmon, coho",coho
2018,AKFIN(FEY),S03H,1,24460,,24460,24460|1,0.75,0.25,446859,74202,335144.25,111714.75,55651.5,18550.5,410,"salmon, coho",coho
2018,AKFIN(FEY),S03H,3,24426,,24426,24426|3,0,1,79.5,10,0,79.5,0,10,2,"salmon, coho",coho
2018,AKFIN(FEY),S03H,3,24460,,24460,24460|3,0,1,61069.5,8382,0,61069.5,0,8382,88,"salmon, coho",coho
2018,AKFIN(FEY),S03H,4,24460,,24460,24460|4,0.25,0.75,69710,9349,17427.5,52282.5,2337.25,7011.75,67,"salmon, coho",coho
2018,AKFIN(FEY),S03H,0,24426,,24426,24426|0,0,1,2781.6,414,0,2781.6,0,414,40,"salmon, coho",coho
2018,AKFIN(FEY),S03H,0,24457,,24457,24457|0,0.06,0.94,46570,7537,2794.2,43775.8,452.22,7084.78,336,"salmon, coho",coho
2018,AKFIN(FEY),S03H,0,24460,,24460,24460|0,0.5,0.5,42738.4,6732,21369.2,21369.2,3366,3366,318,"salmon, coho",coho
2018,AKFIN(FEY),S03H,0,24461,,24461,24461|0,0,1,20,3,0,20,0,3,1,"salmon, coho",coho
2018,AKFIN(FEY),S03H,0,24510,,24510,24510|0,0,1,17733,2277,0,17733,0,2277,18,"salmon, coho",coho
2019,AKFIN(FEY),S03H,1,24460,,24460,24460|1,0.75,0.25,186362.75,33957,139772.0625,46590.6875,25467.75,8489.25,399,"salmon, coho",coho
2019,AKFIN(FEY),S03H,4,24460,,24460,24460|4,0.25,0.75,61571,9316,15392.75,46178.25,2329,6987,42,"salmon, coho",coho
2019,AKFIN(FEY),S03H,5,24460,,24460,24460|5,0.5,0.5,49837.2,8716,24918.6,24918.6,4358,4358,304,"salmon, coho",coho
2019,AKFIN(FEY),S03H,0,24457,,24457,24457|0,0.06,0.94,72691,12886,4361.46,68329.54,773.16,12112.84,383,"salmon, coho",coho
2019,AKFIN(FEY),S03H,0,24460,,24460,24460|0,0.5,0.5,110322.9,18986,55161.45,55161.45,9493,9493,372,"salmon, coho",coho
2019,AKFIN(FEY),S03H,0,24461,,24461,24461|0,0,1,62,12,0,62,0,12,9,"salmon, coho",coho
2019,AKFIN(FEY),S03H,0,24510,,24510,24510|0,0,1,32007,4745,0,32007,0,4745,29,"salmon, coho",coho
1999,AKFIN(FEY),S03H,0,24450,,24450,24450|0,0.5,0.5,345,113,172.5,172.5,56.5,56.5,54,"salmon, pink",pink
1999,AKFIN(FEY),S03H,0,24451,,24451,24451|0,0,1,941,293,0,941,0,293,125,"salmon, pink",pink
1999,AKFIN(FEY),S03H,0,24460,,24460,24460|0,0.5,0.5,6009,1692,3004.5,3004.5,846,846,372,"salmon, pink",pink
1999,AKFIN(FEY),S03H,0,24461,,24461,24461|0,0,1,2337,746,0,2337,0,746,253,"salmon, pink",pink
1999,AKFIN(FEY),S03H,0,24470,,24470,24470|0,0.5,0.5,1167,268,583.5,583.5,134,134,118,"salmon, pink",pink
1999,AKFIN(FEY),S03H,0,24570,,24570,24570|0,0.5,0.5,51,15,25.5,25.5,7.5,7.5,10,"salmon, pink",pink
1999,AKFIN(FEY),S03H,0,24580,,24580,24580|0,0.5,0.5,510,150,255,255,75,75,71,"salmon, pink",pink
1999,AKFIN(FEY),S03H,0,24590,,24590,24590|0,0.5,0.5,1154,275,577,577,137.5,137.5,108,"salmon, pink",pink
2000,AKFIN(FEY),S03H,1,24450,,24450,24450|1,0.75,0.25,27,9,20.25,6.75,6.75,2.25,3,"salmon, pink",pink
2000,AKFIN(FEY),S03H,1,24460,,24460,24460|1,0.75,0.25,6277,1730,4707.75,1569.25,1297.5,432.5,277,"salmon, pink",pink
2000,AKFIN(FEY),S03H,1,24461,,24461,24461|1,0,1,132,41,0,132,0,41,28,"salmon, pink",pink
2000,AKFIN(FEY),S03H,1,24470,,24470,24470|1,0.75,0.25,1155,347,866.25,288.75,260.25,86.75,54,"salmon, pink",pink
2000,AKFIN(FEY),S03H,1,24570,,24570,24570|1,0.75,0.25,27,9,20.25,6.75,6.75,2.25,2,"salmon, pink",pink
2000,AKFIN(FEY),S03H,1,24580,,24580,24580|1,0.75,0.25,872,238,654,218,178.5,59.5,29,"salmon, pink",pink
2000,AKFIN(FEY),S03H,1,24590,,24590,24590|1,0.75,0.25,956,231,717,239,173.25,57.75,26,"salmon, pink",pink
2000,AKFIN(FEY),S03H,0,24450,,24450,24450|0,0.5,0.5,24580,7179,12290,12290,3589.5,3589.5,159,"salmon, pink",pink
2000,AKFIN(FEY),S03H,0,24455,,24455,24455|0,0,1,16055,3577,0,16055,0,3577,138,"salmon, pink",pink
2000,AKFIN(FEY),S03H,0,24460,,24460,24460|0,0.5,0.5,174170,50340,87085,87085,25170,25170,424,"salmon, pink",pink
2000,AKFIN(FEY),S03H,0,24461,,24461,24461|0,0,1,9677,2983,0,9677,0,2983,128,"salmon, pink",pink
2000,AKFIN(FEY),S03H,0,24470,,24470,24470|0,0.5,0.5,7218,2012,3609,3609,1006,1006,53,"salmon, pink",pink
2000,AKFIN(FEY),S03H,0,24570,,24570,24570|0,0.5,0.5,35987,10092,17993.5,17993.5,5046,5046,101,"salmon, pink",pink
2000,AKFIN(FEY),S03H,0,24580,,24580,24580|0,0.5,0.5,29890,8481,14945,14945,4240.5,4240.5,101,"salmon, pink",pink
2000,AKFIN(FEY),S03H,0,24590,,24590,24590|0,0.5,0.5,11579,3239,5789.5,5789.5,1619.5,1619.5,63,"salmon, pink",pink
2001,AKFIN(FEY),S03H,0,24450,,24450,24450|0,0.5,0.5,32447,9228,16223.5,16223.5,4614,4614,307,"salmon, pink",pink
2001,AKFIN(FEY),S03H,0,24455,,24455,24455|0,0,1,6402,1854,0,6402,0,1854,215,"salmon, pink",pink
2001,AKFIN(FEY),S03H,0,24460,,24460,24460|0,0.5,0.5,55015,16116,27507.5,27507.5,8058,8058,419,"salmon, pink",pink
2001,AKFIN(FEY),S03H,0,24461,,24461,24461|0,0,1,1177,330,0,1177,0,330,91,"salmon, pink",pink
2001,AKFIN(FEY),S03H,0,24470,,24470,24470|0,0.5,0.5,3486,957,1743,1743,478.5,478.5,146,"salmon, pink",pink
2001,AKFIN(FEY),S03H,0,24570,,24570,24570|0,0.5,0.5,413,120,206.5,206.5,60,60,36,"salmon, pink",pink
2001,AKFIN(FEY),S03H,0,24580,,24580,24580|0,0.5,0.5,5214,1502,2607,2607,751,751,150,"salmon, pink",pink
2001,AKFIN(FEY),S03H,0,24590,,24590,24590|0,0.5,0.5,4072,1112,2036,2036,556,556,150,"salmon, pink",pink
2002,AKFIN(FEY),S03H,1,24460,,24460,24460|1,0.75,0.25,148437,42037,111327.75,37109.25,31527.75,10509.25,264,"salmon, pink",pink
2002,AKFIN(FEY),S03H,1,24470,,24470,24470|1,0.75,0.25,1707,440,1280.25,426.75,330,110,5,"salmon, pink",pink
2002,AKFIN(FEY),S03H,1,24580,,24580,24580|1,0.75,0.25,2790,850,2092.5,697.5,637.5,212.5,5,"salmon, pink",pink
2002,AKFIN(FEY),S03H,1,24590,,24590,24590|1,0.75,0.25,893,280,669.75,223.25,210,70,3,"salmon, pink",pink
2002,AKFIN(FEY),S03H,0,24450,,24450,24450|0,0.5,0.5,57928,17023,28964,28964,8511.5,8511.5,162,"salmon, pink",pink
2002,AKFIN(FEY),S03H,0,24455,,24455,24455|0,0,1,59361,16509,0,59361,0,16509,320,"salmon, pink",pink
2002,AKFIN(FEY),S03H,0,24460,,24460,24460|0,0.5,0.5,498983,142153,249491.5,249491.5,71076.5,71076.5,394,"salmon, pink",pink
2002,AKFIN(FEY),S03H,0,24461,,24461,24461|0,0,1,203,50,0,203,0,50,24,"salmon, pink",pink
2002,AKFIN(FEY),S03H,0,24470,,24470,24470|0,0.5,0.5,2469,652,1234.5,1234.5,326,326,35,"salmon, pink",pink
2002,AKFIN(FEY),S03H,0,24570,,24570,24570|0,0.5,0.5,1241,411,620.5,620.5,205.5,205.5,7,"salmon, pink",pink
2002,AKFIN(FEY),S03H,0,24580,,24580,24580|0,0.5,0.5,10257,2796,5128.5,5128.5,1398,1398,51,"salmon, pink",pink
2002,AKFIN(FEY),S03H,0,24590,,24590,24590|0,0.5,0.5,4264,1028,2132,2132,514,514,24,"salmon, pink",pink
2003,AKFIN(FEY),S03H,1,24460,,24460,24460|1,0.75,0.25,12237,3394,9177.75,3059.25,2545.5,848.5,345,"salmon, pink",pink
2003,AKFIN(FEY),S03H,5,24460,,24460,24460|5,0.5,0.5,14943,4316,7471.5,7471.5,2158,2158,301,"salmon, pink",pink
2003,AKFIN(FEY),S03H,0,24455,,24455,24455|0,0,1,18866,5140,0,18866,0,5140,342,"salmon, pink",pink
2003,AKFIN(FEY),S03H,0,24460,,24460,24460|0,0.5,0.5,62227,17440,31113.5,31113.5,8720,8720,404,"salmon, pink",pink
2003,AKFIN(FEY),S03H,0,24461,,24461,24461|0,0,1,366,86,0,366,0,86,20,"salmon, pink",pink
2004,AKFIN(FEY),S03H,1,24460,,24460,24460|1,0.75,0.25,16690,4345,12517.5,4172.5,3258.75,1086.25,299,"salmon, pink",pink
2004,AKFIN(FEY),S03H,0,24426,,24426,24426|0,0,1,5,1,0,5,0,1,1,"salmon, pink",pink
2004,AKFIN(FEY),S03H,0,24455,,24455,24455|0,0,1,17691,4769,0,17691,0,4769,262,"salmon, pink",pink
2004,AKFIN(FEY),S03H,0,24456,,24456,24456|0,0,1,100865,26563,0,100865,0,26563,291,"salmon, pink",pink
2004,AKFIN(FEY),S03H,0,24460,,24460,24460|0,0.5,0.5,719336,199670,359668,359668,99835,99835,433,"salmon, pink",pink
2004,AKFIN(FEY),S03H,0,24461,,24461,24461|0,0,1,704,176,0,704,0,176,90,"salmon, pink",pink
2005,AKFIN(FEY),S03H,1,24460,,24460,24460|1,0.75,0.25,42305,12580,31728.75,10576.25,9435,3145,438,"salmon, pink",pink
2005,AKFIN(FEY),S03H,4,24460,,24460,24460|4,0.25,0.75,136,40,34,102,10,30,19,"salmon, pink",pink
2005,AKFIN(FEY),S03H,5,24460,,24460,24460|5,0.5,0.5,7509,2305,3754.5,3754.5,1152.5,1152.5,333,"salmon, pink",pink
2005,AKFIN(FEY),S03H,0,24426,,24426,24426|0,0,1,462,145,0,462,0,145,31,"salmon, pink",pink
2005,AKFIN(FEY),S03H,0,24455,,24455,24455|0,0,1,9749,2869,0,9749,0,2869,361,"salmon, pink",pink
2005,AKFIN(FEY),S03H,0,24456,,24456,24456|0,0,1,6223,1800,0,6223,0,1800,287,"salmon, pink",pink
2005,AKFIN(FEY),S03H,0,24460,,24460,24460|0,0.5,0.5,37106.5,10857,18553.25,18553.25,5428.5,5428.5,431,"salmon, pink",pink
2005,AKFIN(FEY),S03H,0,24461,,24461,24461|0,0,1,2022,634,0,2022,0,634,142,"salmon, pink",pink
2006,AKFIN(FEY),S03H,1,24460,,24460,24460|1,0.75,0.25,66100,16511,49575,16525,12383.25,4127.75,269,"salmon, pink",pink
2006,AKFIN(FEY),S03H,4,24460,,24460,24460|4,0.25,0.75,18524,4362,4631,13893,1090.5,3271.5,53,"salmon, pink",pink
2006,AKFIN(FEY),S03H,4,24510,,24510,24510|4,0,1,29,10,0,29,0,10,4,"salmon, pink",pink
2006,AKFIN(FEY),S03H,0,24426,,24426,24426|0,0,1,5961,1643,0,5961,0,1643,201,"salmon, pink",pink
2006,AKFIN(FEY),S03H,0,24455,,24455,24455|0,0,1,9080,2055,0,9080,0,2055,202,"salmon, pink",pink
2006,AKFIN(FEY),S03H,0,24456,,24456,24456|0,0,1,132363,31717,0,132363,0,31717,201,"salmon, pink",pink
2006,AKFIN(FEY),S03H,0,24460,,24460,24460|0,0.5,0.5,661080,156465,330540,330540,78232.5,78232.5,343,"salmon, pink",pink
2006,AKFIN(FEY),S03H,0,24461,,24461,24461|0,0,1,176,45,0,176,0,45,22,"salmon, pink",pink
2007,AKFIN(FEY),S03H,1,24460,,24460,24460|1,0.75,0.25,178056,48197,133542,44514,36147.75,12049.25,407,"salmon, pink",pink
2007,AKFIN(FEY),S03H,4,24460,,24460,24460|4,0.25,0.75,264,79,66,198,19.75,59.25,20,"salmon, pink",pink
2007,AKFIN(FEY),S03H,0,24426,,24426,24426|0,0,1,82,24,0,82,0,24,12,"salmon, pink",pink
2007,AKFIN(FEY),S03H,0,24455,,24455,24455|0,0,1,23233,6254,0,23233,0,6254,283,"salmon, pink",pink
2007,AKFIN(FEY),S03H,0,24460,,24460,24460|0,0.5,0.5,39868,10872,19934,19934,5436,5436,342,"salmon, pink",pink
2007,AKFIN(FEY),S03H,0,24461,,24461,24461|0,0,1,7176,1972,0,7176,0,1972,170,"salmon, pink",pink
2008,AKFIN(FEY),S03H,1,24460,,24460,24460|1,0.75,0.25,30585,8554,22938.75,7646.25,6415.5,2138.5,334,"salmon, pink",pink
2008,AKFIN(FEY),S03H,4,24460,,24460,24460|4,0.25,0.75,545,149,136.25,408.75,37.25,111.75,19,"salmon, pink",pink
2008,AKFIN(FEY),S03H,4,24510,,24510,24510|4,0,1,46,15,0,46,0,15,2,"salmon, pink",pink
2008,AKFIN(FEY),S03H,5,24460,,24460,24460|5,0.5,0.5,214934,59189,107467,107467,29594.5,29594.5,385,"salmon, pink",pink
2008,AKFIN(FEY),S03H,0,24426,,24426,24426|0,0,1,28126,6123,0,28126,0,6123,92,"salmon, pink",pink
2008,AKFIN(FEY),S03H,0,24455,,24455,24455|0,0,1,506,134,0,506,0,134,48,"salmon, pink",pink
2008,AKFIN(FEY),S03H,0,24460,,24460,24460|0,0.5,0.5,100754,26986,50377,50377,13493,13493,348,"salmon, pink",pink
2008,AKFIN(FEY),S03H,0,24461,,24461,24461|0,0,1,9660,2717,0,9660,0,2717,175,"salmon, pink",pink
2009,AKFIN(FEY),S03H,1,24460,,24460,24460|1,0.75,0.25,74526,21254,55894.5,18631.5,15940.5,5313.5,353,"salmon, pink",pink
2009,AKFIN(FEY),S03H,4,24460,,24460,24460|4,0.25,0.75,172,52,43,129,13,39,16,"salmon, pink",pink
2009,AKFIN(FEY),S03H,5,24460,,24460,24460|5,0.5,0.5,170509,49317,85254.5,85254.5,24658.5,24658.5,376,"salmon, pink",pink
2009,AKFIN(FEY),S03H,0,-1,24460,24460,24460|0,0.5,0.5,256,67,128,128,33.5,33.5,1,"salmon, pink",pink
2009,AKFIN(FEY),S03H,0,24460,,24460,24460|0,0.5,0.5,231134,68335,115567,115567,34167.5,34167.5,380,"salmon, pink",pink
2009,AKFIN(FEY),S03H,0,24461,,24461,24461|0,0,1,2127,707,0,2127,0,707,70,"salmon, pink",pink
2009,AKFIN(FEY),S03H,0,24510,,24510,24510|0,0,1,37,11,0,37,0,11,3,"salmon, pink",pink
2010,AKFIN(FEY),S03H,1,24460,,24460,24460|1,0.75,0.25,168968,44169,126726,42242,33126.75,11042.25,349,"salmon, pink",pink
2010,AKFIN(FEY),S03H,4,24460,,24460,24460|4,0.25,0.75,307,77,76.75,230.25,19.25,57.75,12,"salmon, pink",pink
2010,AKFIN(FEY),S03H,5,24460,,24460,24460|5,0.5,0.5,57751,15092,28875.5,28875.5,7546,7546,292,"salmon, pink",pink
2010,AKFIN(FEY),S03H,0,24455,,24455,24455|0,0,1,25402,6098,0,25402,0,6098,255,"salmon, pink",pink
2010,AKFIN(FEY),S03H,0,24460,,24460,24460|0,0.5,0.5,389903,98525,194951.5,194951.5,49262.5,49262.5,355,"salmon, pink",pink
2010,AKFIN(FEY),S03H,0,24461,,24461,24461|0,0,1,98,24,0,98,0,24,2,"salmon, pink",pink
2010,AKFIN(FEY),S03H,0,24510,,24510,24510|0,0,1,123,20,0,123,0,20,2,"salmon, pink",pink
2011,AKFIN(FEY),S03H,1,24460,,24460,24460|1,0.75,0.25,15650,4596,11737.5,3912.5,3447,1149,383,"salmon, pink",pink
2011,AKFIN(FEY),S03H,4,24460,,24460,24460|4,0.25,0.75,113,36,28.25,84.75,9,27,15,"salmon, pink",pink
2011,AKFIN(FEY),S03H,4,24510,,24510,24510|4,0,1,4,1,0,4,0,1,1,"salmon, pink",pink
2011,AKFIN(FEY),S03H,0,24456,,24456,24456|0,0,1,16511,4934,0,16511,0,4934,392,"salmon, pink",pink
2011,AKFIN(FEY),S03H,0,24460,,24460,24460|0,0.5,0.5,19465,5732,9732.5,9732.5,2866,2866,418,"salmon, pink",pink
2011,AKFIN(FEY),S03H,0,24461,,24461,24461|0,0,1,107,34,0,107,0,34,24,"salmon, pink",pink
2012,AKFIN(FEY),S03H,1,24460,,24460,24460|1,0.75,0.25,140785,38008,105588.75,35196.25,28506,9502,458,"salmon, pink",pink
2012,AKFIN(FEY),S03H,4,24460,,24460,24460|4,0.25,0.75,230,55,57.5,172.5,13.75,41.25,10,"salmon, pink",pink
2012,AKFIN(FEY),S03H,5,24460,,24460,24460|5,0.5,0.5,387495,105910,193747.5,193747.5,52955,52955,438,"salmon, pink",pink
2012,AKFIN(FEY),S03H,0,24456,,24456,24456|0,0,1,204311,56585,0,204311,0,56585,459,"salmon, pink",pink
2012,AKFIN(FEY),S03H,0,24460,,24460,24460|0,0.5,0.5,379656,102658,189828,189828,51329,51329,466,"salmon, pink",pink
2013,AKFIN(FEY),S03H,1,24426,,24426,24426|1,0,1,63,23,0,63,0,23,3,"salmon, pink",pink
2013,AKFIN(FEY),S03H,1,24460,,24460,24460|1,0.75,0.25,50380,15327,37785,12595,11495.25,3831.75,472,"salmon, pink",pink
2013,AKFIN(FEY),S03H,4,24460,,24460,24460|4,0.25,0.75,37,12,9.25,27.75,3,9,9,"salmon, pink",pink
2013,AKFIN(FEY),S03H,4,24510,,24510,24510|4,0,1,4,1,0,4,0,1,1,"salmon, pink",pink
2013,AKFIN(FEY),S03H,0,24426,,24426,24426|0,0,1,193,66,0,193,0,66,7,"salmon, pink",pink
2013,AKFIN(FEY),S03H,0,24456,,24456,24456|0,0,1,42276,12752,0,42276,0,12752,473,"salmon, pink",pink
2013,AKFIN(FEY),S03H,0,24460,,24460,24460|0,0.5,0.5,8114,2368,4057,4057,1184,1184,412,"salmon, pink",pink
2013,AKFIN(FEY),S03H,0,24461,,24461,24461|0,0,1,192,54,0,192,0,54,31,"salmon, pink",pink
2013,AKFIN(FEY),S03H,0,24510,,24510,24510|0,0,1,5,2,0,5,0,2,2,"salmon, pink",pink
2014,AKFIN(FEY),S03H,1,24426,,24426,24426|1,0,1,509.4,159,0,509.4,0,159,7,"salmon, pink",pink
2014,AKFIN(FEY),S03H,1,24460,,24460,24460|1,0.75,0.25,624259.96,177789,468194.97,156064.99,133341.75,44447.25,478,"salmon, pink",pink
2014,AKFIN(FEY),S03H,4,24460,,24460,24460|4,0.25,0.75,907,259,226.75,680.25,64.75,194.25,38,"salmon, pink",pink
2014,AKFIN(FEY),S03H,0,24426,,24426,24426|0,0,1,14960.09,3805,0,14960.09,0,3805,42,"salmon, pink",pink
2014,AKFIN(FEY),S03H,0,24456,,24456,24456|0,0,1,66460.9,18838,0,66460.9,0,18838,433,"salmon, pink",pink
2014,AKFIN(FEY),S03H,0,24457,,24457,24457|0,0.06,0.94,663670.55,183816,39820.233,623850.317,11028.96,172787.04,468,"salmon, pink",pink
2014,AKFIN(FEY),S03H,0,24460,,24460,24460|0,0.5,0.5,125594,32640,62797,62797,16320,16320,434,"salmon, pink",pink
2014,AKFIN(FEY),S03H,0,24461,,24461,24461|0,0,1,143,38,0,143,0,38,27,"salmon, pink",pink
2015,AKFIN(FEY),S03H,1,24460,,24460,24460|1,0.75,0.25,35112,9714,26334,8778,7285.5,2428.5,456,"salmon, pink",pink
2015,AKFIN(FEY),S03H,4,24460,,24460,24460|4,0.25,0.75,984,318,246,738,79.5,238.5,27,"salmon, pink",pink
2015,AKFIN(FEY),S03H,0,24426,,24426,24426|0,0,1,1108,352,0,1108,0,352,66,"salmon, pink",pink
2015,AKFIN(FEY),S03H,0,24456,,24456,24456|0,0,1,5843,1684,0,5843,0,1684,310,"salmon, pink",pink
2015,AKFIN(FEY),S03H,0,24457,,24457,24457|0,0.06,0.94,16502,5006,990.12,15511.88,300.36,4705.64,448,"salmon, pink",pink
2015,AKFIN(FEY),S03H,0,24460,,24460,24460|0,0.5,0.5,15863,4432,7931.5,7931.5,2216,2216,418,"salmon, pink",pink
2015,AKFIN(FEY),S03H,0,24461,,24461,24461|0,0,1,90,27,0,90,0,27,19,"salmon, pink",pink
2015,AKFIN(FEY),S03H,0,24510,,24510,24510|0,0,1,287,120,0,287,0,120,10,"salmon, pink",pink
2016,AKFIN(FEY),S03H,1,24460,,24460,24460|1,0.75,0.25,379178,96282,284383.5,94794.5,72211.5,24070.5,442,"salmon, pink",pink
2016,AKFIN(FEY),S03H,4,24460,,24460,24460|4,0.25,0.75,893,203,223.25,669.75,50.75,152.25,37,"salmon, pink",pink
2016,AKFIN(FEY),S03H,0,24456,,24456,24456|0,0,1,140941,35025,0,140941,0,35025,403,"salmon, pink",pink
2016,AKFIN(FEY),S03H,0,24457,,24457,24457|0,0.06,0.94,258227,62710,15493.62,242733.38,3762.6,58947.4,444,"salmon, pink",pink
2016,AKFIN(FEY),S03H,0,24460,,24460,24460|0,0.5,0.5,309335.5,74466,154667.75,154667.75,37233,37233,454,"salmon, pink",pink
2016,AKFIN(FEY),S03H,0,24461,,24461,24461|0,0,1,868,214,0,868,0,214,53,"salmon, pink",pink
2016,AKFIN(FEY),S03H,0,24510,,24510,24510|0,0,1,34,8,0,34,0,8,7,"salmon, pink",pink
2017,AKFIN(FEY),S03H,1,24460,,24460,24460|1,0.75,0.25,68827,19557,51620.25,17206.75,14667.75,4889.25,417,"salmon, pink",pink
2017,AKFIN(FEY),S03H,4,24460,,24460,24460|4,0.25,0.75,1065,314,266.25,798.75,78.5,235.5,32,"salmon, pink",pink
2017,AKFIN(FEY),S03H,0,24456,,24456,24456|0,0,1,152269,43252,0,152269,0,43252,417,"salmon, pink",pink
2017,AKFIN(FEY),S03H,0,24457,,24457,24457|0,0.06,0.94,30029,8145,1801.74,28227.26,488.7,7656.3,347,"salmon, pink",pink
2017,AKFIN(FEY),S03H,0,24460,,24460,24460|0,0.5,0.5,62081,17153,31040.5,31040.5,8576.5,8576.5,410,"salmon, pink",pink
2017,AKFIN(FEY),S03H,0,24461,,24461,24461|0,0,1,3273,915,0,3273,0,915,105,"salmon, pink",pink
2017,AKFIN(FEY),S03H,0,24510,,24510,24510|0,0,1,2062,627,0,2062,0,627,39,"salmon, pink",pink
2018,AKFIN(FEY),S03H,1,24460,,24460,24460|1,0.75,0.25,182573,49579,136929.75,45643.25,37184.25,12394.75,409,"salmon, pink",pink
2018,AKFIN(FEY),S03H,3,24426,,24426,24426|3,0,1,701.25,166,0,701.25,0,166,3,"salmon, pink",pink
2018,AKFIN(FEY),S03H,3,24460,,24460,24460|3,0,1,5624.75,1416,0,5624.75,0,1416,76,"salmon, pink",pink
2018,AKFIN(FEY),S03H,4,24460,,24460,24460|4,0.25,0.75,1251,313,312.75,938.25,78.25,234.75,52,"salmon, pink",pink
2018,AKFIN(FEY),S03H,0,24426,,24426,24426|0,0,1,27125.6,6996,0,27125.6,0,6996,51,"salmon, pink",pink
2018,AKFIN(FEY),S03H,0,24457,,24457,24457|0,0.06,0.94,79587,22183,4775.22,74811.78,1330.98,20852.02,351,"salmon, pink",pink
2018,AKFIN(FEY),S03H,0,24460,,24460,24460|0,0.5,0.5,10321.9,2878,5160.95,5160.95,1439,1439,288,"salmon, pink",pink
2018,AKFIN(FEY),S03H,0,24461,,24461,24461|0,0,1,4,1,0,4,0,1,1,"salmon, pink",pink
2018,AKFIN(FEY),S03H,0,24510,,24510,24510|0,0,1,13,3,0,13,0,3,3,"salmon, pink",pink
2019,AKFIN(FEY),S03H,1,24460,,24460,24460|1,0.75,0.25,48931.55,15094,36698.6625,12232.8875,11320.5,3773.5,396,"salmon, pink",pink
2019,AKFIN(FEY),S03H,4,24460,,24460,24460|4,0.25,0.75,311,81,77.75,233.25,20.25,60.75,22,"salmon, pink",pink
2019,AKFIN(FEY),S03H,5,24460,,24460,24460|5,0.5,0.5,3195,1019,1597.5,1597.5,509.5,509.5,244,"salmon, pink",pink
2019,AKFIN(FEY),S03H,0,24457,,24457,24457|0,0.06,0.94,11304.6,3502,678.276,10626.324,210.12,3291.88,342,"salmon, pink",pink
2019,AKFIN(FEY),S03H,0,24460,,24460,24460|0,0.5,0.5,25136,7727,12568,12568,3863.5,3863.5,358,"salmon, pink",pink
2019,AKFIN(FEY),S03H,0,24461,,24461,24461|0,0,1,428,126,0,428,0,126,26,"salmon, pink",pink
2019,AKFIN(FEY),S03H,0,24510,,24510,24510|0,0,1,188,58,0,188,0,58,13,"salmon, pink",pink
1999,AKFIN(FEY),S03H,0,24450,,24450,24450|0,0.5,0.5,176872,28411,88436,88436,14205.5,14205.5,120,"salmon, sockeye",sockeye
1999,AKFIN(FEY),S03H,0,24451,,24451,24451|0,0,1,296512,48350,0,296512,0,48350,266,"salmon, sockeye",sockeye
1999,AKFIN(FEY),S03H,0,24460,,24460,24460|0,0.5,0.5,4579661,747064,2289830.5,2289830.5,373532,373532,475,"salmon, sockeye",sockeye
1999,AKFIN(FEY),S03H,0,24461,,24461,24461|0,0,1,916403,150000,0,916403,0,150000,430,"salmon, sockeye",sockeye
1999,AKFIN(FEY),S03H,0,24470,,24470,24470|0,0.5,0.5,766215,127565,383107.5,383107.5,63782.5,63782.5,244,"salmon, sockeye",sockeye
1999,AKFIN(FEY),S03H,0,24570,,24570,24570|0,0.5,0.5,37341,6174,18670.5,18670.5,3087,3087,27,"salmon, sockeye",sockeye
1999,AKFIN(FEY),S03H,0,24580,,24580,24580|0,0.5,0.5,799675,128909,399837.5,399837.5,64454.5,64454.5,194,"salmon, sockeye",sockeye
1999,AKFIN(FEY),S03H,0,24590,,24590,24590|0,0.5,0.5,1087891,177522,543945.5,543945.5,88761,88761,246,"salmon, sockeye",sockeye
2000,AKFIN(FEY),S03H,1,24450,,24450,24450|1,0.75,0.25,13866,2240,10399.5,3466.5,1680,560,3,"salmon, sockeye",sockeye
2000,AKFIN(FEY),S03H,1,24460,,24460,24460|1,0.75,0.25,1128945,168345,846708.75,282236.25,126258.75,42086.25,348,"salmon, sockeye",sockeye
2000,AKFIN(FEY),S03H,1,24461,,24461,24461|1,0,1,24573,3835,0,24573,0,3835,132,"salmon, sockeye",sockeye
2000,AKFIN(FEY),S03H,1,24470,,24470,24470|1,0.75,0.25,178985,26566,134238.75,44746.25,19924.5,6641.5,60,"salmon, sockeye",sockeye
2000,AKFIN(FEY),S03H,1,24570,,24570,24570|1,0.75,0.25,5334,770,4000.5,1333.5,577.5,192.5,2,"salmon, sockeye",sockeye
2000,AKFIN(FEY),S03H,1,24580,,24580,24580|1,0.75,0.25,102337,15865,76752.75,25584.25,11898.75,3966.25,35,"salmon, sockeye",sockeye
2000,AKFIN(FEY),S03H,1,24590,,24590,24590|1,0.75,0.25,103271,15246,77453.25,25817.75,11434.5,3811.5,30,"salmon, sockeye",sockeye
2000,AKFIN(FEY),S03H,0,24450,,24450,24450|0,0.5,0.5,397575,59330,198787.5,198787.5,29665,29665,178,"salmon, sockeye",sockeye
2000,AKFIN(FEY),S03H,0,24455,,24455,24455|0,0,1,131804,19625,0,131804,0,19625,312,"salmon, sockeye",sockeye
2000,AKFIN(FEY),S03H,0,24460,,24460,24460|0,0.5,0.5,1367039,207996,683519.5,683519.5,103998,103998,485,"salmon, sockeye",sockeye
2000,AKFIN(FEY),S03H,0,24461,,24461,24461|0,0,1,179782,27078,0,179782,0,27078,335,"salmon, sockeye",sockeye
2000,AKFIN(FEY),S03H,0,24470,,24470,24470|0,0.5,0.5,257203,40986,128601.5,128601.5,20493,20493,228,"salmon, sockeye",sockeye
2000,AKFIN(FEY),S03H,0,24570,,24570,24570|0,0.5,0.5,23779,3549,11889.5,11889.5,1774.5,1774.5,96,"salmon, sockeye",sockeye
2000,AKFIN(FEY),S03H,0,24580,,24580,24580|0,0.5,0.5,141511,22074,70755.5,70755.5,11037,11037,161,"salmon, sockeye",sockeye
2000,AKFIN(FEY),S03H,0,24590,,24590,24590|0,0.5,0.5,269968,42922,134984,134984,21461,21461,218,"salmon, sockeye",sockeye
2001,AKFIN(FEY),S03H,0,24450,,24450,24450|0,0.5,0.5,1763002,273697,881501,881501,136848.5,136848.5,320,"salmon, sockeye",sockeye
2001,AKFIN(FEY),S03H,0,24455,,24455,24455|0,0,1,120417,19032,0,120417,0,19032,268,"salmon, sockeye",sockeye
2001,AKFIN(FEY),S03H,0,24460,,24460,24460|0,0.5,0.5,2523776,397092,1261888,1261888,198546,198546,437,"salmon, sockeye",sockeye
2001,AKFIN(FEY),S03H,0,24461,,24461,24461|0,0,1,38469,6140,0,38469,0,6140,124,"salmon, sockeye",sockeye
2001,AKFIN(FEY),S03H,0,24470,,24470,24470|0,0.5,0.5,244825,39088,122412.5,122412.5,19544,19544,188,"salmon, sockeye",sockeye
2001,AKFIN(FEY),S03H,0,24570,,24570,24570|0,0.5,0.5,5082,852,2541,2541,426,426,48,"salmon, sockeye",sockeye
2001,AKFIN(FEY),S03H,0,24580,,24580,24580|0,0.5,0.5,385358,60615,192679,192679,30307.5,30307.5,171,"salmon, sockeye",sockeye
2001,AKFIN(FEY),S03H,0,24590,,24590,24590|0,0.5,0.5,303582,49759,151791,151791,24879.5,24879.5,177,"salmon, sockeye",sockeye
2002,AKFIN(FEY),S03H,1,24460,,24460,24460|1,0.75,0.25,342298,52163,256723.5,85574.5,39122.25,13040.75,294,"salmon, sockeye",sockeye
2002,AKFIN(FEY),S03H,1,24470,,24470,24470|1,0.75,0.25,5488,902,4116,1372,676.5,225.5,7,"salmon, sockeye",sockeye
2002,AKFIN(FEY),S03H,1,24580,,24580,24580|1,0.75,0.25,6108,901,4581,1527,675.75,225.25,6,"salmon, sockeye",sockeye
2002,AKFIN(FEY),S03H,1,24590,,24590,24590|1,0.75,0.25,2176,341,1632,544,255.75,85.25,3,"salmon, sockeye",sockeye
2002,AKFIN(FEY),S03H,0,24450,,24450,24450|0,0.5,0.5,949312,138457,474656,474656,69228.5,69228.5,179,"salmon, sockeye",sockeye
2002,AKFIN(FEY),S03H,0,24455,,24455,24455|0,0,1,1527003,218442,0,1527003,0,218442,343,"salmon, sockeye",sockeye
2002,AKFIN(FEY),S03H,0,24460,,24460,24460|0,0.5,0.5,5722804,845889,2861402,2861402,422944.5,422944.5,400,"salmon, sockeye",sockeye
2002,AKFIN(FEY),S03H,0,24461,,24461,24461|0,0,1,109793,17271,0,109793,0,17271,83,"salmon, sockeye",sockeye
2002,AKFIN(FEY),S03H,0,24470,,24470,24470|0,0.5,0.5,183619,28085,91809.5,91809.5,14042.5,14042.5,70,"salmon, sockeye",sockeye
2002,AKFIN(FEY),S03H,0,24570,,24570,24570|0,0.5,0.5,26242,3909,13121,13121,1954.5,1954.5,8,"salmon, sockeye",sockeye
2002,AKFIN(FEY),S03H,0,24580,,24580,24580|0,0.5,0.5,272336,39983,136168,136168,19991.5,19991.5,62,"salmon, sockeye",sockeye
2002,AKFIN(FEY),S03H,0,24590,,24590,24590|0,0.5,0.5,136894,20908,68447,68447,10454,10454,40,"salmon, sockeye",sockeye
2003,AKFIN(FEY),S03H,1,24460,,24460,24460|1,0.75,0.25,2374706,390459,1781029.5,593676.5,292844.25,97614.75,390,"salmon, sockeye",sockeye
2003,AKFIN(FEY),S03H,5,24460,,24460,24460|5,0.5,0.5,507450,82570,253725,253725,41285,41285,338,"salmon, sockeye",sockeye
2003,AKFIN(FEY),S03H,0,24455,,24455,24455|0,0,1,1792439,299054,0,1792439,0,299054,369,"salmon, sockeye",sockeye
2003,AKFIN(FEY),S03H,0,24460,,24460,24460|0,0.5,0.5,5006441.55,817198,2503220.775,2503220.775,408599,408599,418,"salmon, sockeye",sockeye
2003,AKFIN(FEY),S03H,0,24461,,24461,24461|0,0,1,25405,4357,0,25405,0,4357,44,"salmon, sockeye",sockeye
2004,AKFIN(FEY),S03H,1,24460,,24460,24460|1,0.75,0.25,1361383,222717,1021037.25,340345.75,167037.75,55679.25,324,"salmon, sockeye",sockeye
2004,AKFIN(FEY),S03H,0,24426,,24426,24426|0,0,1,3667,572,0,3667,0,572,6,"salmon, sockeye",sockeye
2004,AKFIN(FEY),S03H,0,24455,,24455,24455|0,0,1,1193602,188044,0,1193602,0,188044,325,"salmon, sockeye",sockeye
2004,AKFIN(FEY),S03H,0,24456,,24456,24456|0,0,1,1238309,190141,0,1238309,0,190141,348,"salmon, sockeye",sockeye
2004,AKFIN(FEY),S03H,0,24460,,24460,24460|0,0.5,0.5,11900182,1854569,5950091,5950091,927284.5,927284.5,437,"salmon, sockeye",sockeye
2004,AKFIN(FEY),S03H,0,24461,,24461,24461|0,0,1,440212,73599,0,440212,0,73599,331,"salmon, sockeye",sockeye
2005,AKFIN(FEY),S03H,1,24460,,24460,24460|1,0.75,0.25,4330088,690752,3247566,1082522,518064,172688,467,"salmon, sockeye",sockeye
2005,AKFIN(FEY),S03H,4,24460,,24460,24460|4,0.25,0.75,45903,7262,11475.75,34427.25,1815.5,5446.5,53,"salmon, sockeye",sockeye
2005,AKFIN(FEY),S03H,5,24460,,24460,24460|5,0.5,0.5,1437640,230353,718820,718820,115176.5,115176.5,452,"salmon, sockeye",sockeye
2005,AKFIN(FEY),S03H,0,24426,,24426,24426|0,0,1,98990,19292,0,98990,0,19292,78,"salmon, sockeye",sockeye
2005,AKFIN(FEY),S03H,0,24455,,24455,24455|0,0,1,2893826,460001,0,2893826,0,460001,434,"salmon, sockeye",sockeye
2005,AKFIN(FEY),S03H,0,24456,,24456,24456|0,0,1,2050019,315585,0,2050019,0,315585,379,"salmon, sockeye",sockeye
2005,AKFIN(FEY),S03H,0,24460,,24460,24460|0,0.5,0.5,4516973,713296,2258486.5,2258486.5,356648,356648,459,"salmon, sockeye",sockeye
2005,AKFIN(FEY),S03H,0,24461,,24461,24461|0,0,1,515443,83786,0,515443,0,83786,288,"salmon, sockeye",sockeye
2006,AKFIN(FEY),S03H,1,24460,,24460,24460|1,0.75,0.25,525655,89680,394241.25,131413.75,67260,22420,291,"salmon, sockeye",sockeye
2006,AKFIN(FEY),S03H,4,24460,,24460,24460|4,0.25,0.75,17608,2965,4402,13206,741.25,2223.75,59,"salmon, sockeye",sockeye
2006,AKFIN(FEY),S03H,4,24510,,24510,24510|4,0,1,373,57,0,373,0,57,4,"salmon, sockeye",sockeye
2006,AKFIN(FEY),S03H,0,24426,,24426,24426|0,0,1,1624845,349417,0,1624845,0,349417,253,"salmon, sockeye",sockeye
2006,AKFIN(FEY),S03H,0,24455,,24455,24455|0,0,1,148284,27513,0,148284,0,27513,290,"salmon, sockeye",sockeye
2006,AKFIN(FEY),S03H,0,24456,,24456,24456|0,0,1,193258,33521,0,193258,0,33521,205,"salmon, sockeye",sockeye
2006,AKFIN(FEY),S03H,0,24460,,24460,24460|0,0.5,0.5,1573786,277741,786893,786893,138870.5,138870.5,369,"salmon, sockeye",sockeye
2006,AKFIN(FEY),S03H,0,24461,,24461,24461|0,0,1,20268,3877,0,20268,0,3877,75,"salmon, sockeye",sockeye
2007,AKFIN(FEY),S03H,1,24460,,24460,24460|1,0.75,0.25,9306103,1416643,6979577.25,2326525.75,1062482.25,354160.75,416,"salmon, sockeye",sockeye
2007,AKFIN(FEY),S03H,4,24460,,24460,24460|4,0.25,0.75,11865,2184,2966.25,8898.75,546,1638,32,"salmon, sockeye",sockeye
2007,AKFIN(FEY),S03H,4,24510,,24510,24510|4,0,1,25,4,0,25,0,4,1,"salmon, sockeye",sockeye
2007,AKFIN(FEY),S03H,0,24426,,24426,24426|0,0,1,19852,4659,0,19852,0,4659,51,"salmon, sockeye",sockeye
2007,AKFIN(FEY),S03H,0,24455,,24455,24455|0,0,1,770967,119140,0,770967,0,119140,334,"salmon, sockeye",sockeye
2007,AKFIN(FEY),S03H,0,24460,,24460,24460|0,0.5,0.5,1698615,268103,849307.5,849307.5,134051.5,134051.5,375,"salmon, sockeye",sockeye
2007,AKFIN(FEY),S03H,0,24461,,24461,24461|0,0,1,82199,12748,0,82199,0,12748,203,"salmon, sockeye",sockeye
2008,AKFIN(FEY),S03H,1,24460,,24460,24460|1,0.75,0.25,1310529,208918,982896.75,327632.25,156688.5,52229.5,398,"salmon, sockeye",sockeye
2008,AKFIN(FEY),S03H,4,24460,,24460,24460|4,0.25,0.75,706,133,176.5,529.5,33.25,99.75,21,"salmon, sockeye",sockeye
2008,AKFIN(FEY),S03H,4,24510,,24510,24510|4,0,1,8,2,0,8,0,2,2,"salmon, sockeye",sockeye
2008,AKFIN(FEY),S03H,5,24460,,24460,24460|5,0.5,0.5,1743873,271654,871936.5,871936.5,135827,135827,406,"salmon, sockeye",sockeye
2008,AKFIN(FEY),S03H,0,24426,,24426,24426|0,0,1,72116,17370,0,72116,0,17370,98,"salmon, sockeye",sockeye
2008,AKFIN(FEY),S03H,0,24455,,24455,24455|0,0,1,15925,2550,0,15925,0,2550,90,"salmon, sockeye",sockeye
2008,AKFIN(FEY),S03H,0,24460,,24460,24460|0,0.5,0.5,2184058,345090,1092029,1092029,172545,172545,396,"salmon, sockeye",sockeye
2008,AKFIN(FEY),S03H,0,24461,,24461,24461|0,0,1,852829,137584,0,852829,0,137584,235,"salmon, sockeye",sockeye
2008,AKFIN(FEY),S03H,0,24510,,24510,24510|0,0,1,8,2,0,8,0,2,1,"salmon, sockeye",sockeye
2009,AKFIN(FEY),S03H,1,24460,,24460,24460|1,0.75,0.25,1786602,281012,1339951.5,446650.5,210759,70253,371,"salmon, sockeye",sockeye
2009,AKFIN(FEY),S03H,4,24460,,24460,24460|4,0.25,0.75,2242,402,560.5,1681.5,100.5,301.5,36,"salmon, sockeye",sockeye
2009,AKFIN(FEY),S03H,5,24460,,24460,24460|5,0.5,0.5,2268472,350437,1134236,1134236,175218.5,175218.5,386,"salmon, sockeye",sockeye
2009,AKFIN(FEY),S03H,0,-1,24460,24460,24460|0,0.5,0.5,1849,293,924.5,924.5,146.5,146.5,1,"salmon, sockeye",sockeye
2009,AKFIN(FEY),S03H,0,24460,,24460,24460|0,0.5,0.5,2081694,328955,1040847,1040847,164477.5,164477.5,390,"salmon, sockeye",sockeye
2009,AKFIN(FEY),S03H,0,24461,,24461,24461|0,0,1,45709,7251,0,45709,0,7251,96,"salmon, sockeye",sockeye
2009,AKFIN(FEY),S03H,0,24510,,24510,24510|0,0,1,92,18,0,92,0,18,7,"salmon, sockeye",sockeye
2010,AKFIN(FEY),S03H,1,24460,,24460,24460|1,0.75,0.25,4891025,761386,3668268.75,1222756.25,571039.5,190346.5,359,"salmon, sockeye",sockeye
2010,AKFIN(FEY),S03H,4,24460,,24460,24460|4,0.25,0.75,1058,206,264.5,793.5,51.5,154.5,15,"salmon, sockeye",sockeye
2010,AKFIN(FEY),S03H,5,24460,,24460,24460|5,0.5,0.5,488760,76218,244380,244380,38109,38109,297,"salmon, sockeye",sockeye
2010,AKFIN(FEY),S03H,0,24455,,24455,24455|0,0,1,411046,64521,0,411046,0,64521,275,"salmon, sockeye",sockeye
2010,AKFIN(FEY),S03H,0,24460,,24460,24460|0,0.5,0.5,4214134,675673,2107067,2107067,337836.5,337836.5,368,"salmon, sockeye",sockeye
2010,AKFIN(FEY),S03H,0,24461,,24461,24461|0,0,1,54680,9601,0,54680,0,9601,101,"salmon, sockeye",sockeye
2010,AKFIN(FEY),S03H,0,24510,,24510,24510|0,0,1,422,52,0,422,0,52,3,"salmon, sockeye",sockeye
2011,AKFIN(FEY),S03H,1,24460,,24460,24460|1,0.75,0.25,8815955,1354530,6611966.25,2203988.75,1015897.5,338632.5,436,"salmon, sockeye",sockeye
2011,AKFIN(FEY),S03H,4,24460,,24460,24460|4,0.25,0.75,2849,465,712.25,2136.75,116.25,348.75,30,"salmon, sockeye",sockeye
2011,AKFIN(FEY),S03H,0,24456,,24456,24456|0,0,1,6118263,930151,0,6118263,0,930151,440,"salmon, sockeye",sockeye
2011,AKFIN(FEY),S03H,0,24460,,24460,24460|0,0.5,0.5,5958698.9,907052,2979349.45,2979349.45,453526,453526,452,"salmon, sockeye",sockeye
2011,AKFIN(FEY),S03H,0,24461,,24461,24461|0,0,1,57175,8837,0,57175,0,8837,119,"salmon, sockeye",sockeye
2012,AKFIN(FEY),S03H,1,24460,,24460,24460|1,0.75,0.25,7637288,1104823,5727966,1909322,828617.25,276205.75,467,"salmon, sockeye",sockeye
2012,AKFIN(FEY),S03H,4,24460,,24460,24460|4,0.25,0.75,275,46,68.75,206.25,11.5,34.5,8,"salmon, sockeye",sockeye
2012,AKFIN(FEY),S03H,5,24460,,24460,24460|5,0.5,0.5,883863,133421,441931.5,441931.5,66710.5,66710.5,438,"salmon, sockeye",sockeye
2012,AKFIN(FEY),S03H,0,24456,,24456,24456|0,0,1,3995534,586803,0,3995534,0,586803,470,"salmon, sockeye",sockeye
2012,AKFIN(FEY),S03H,0,24460,,24460,24460|0,0.5,0.5,7511532,1098871,3755766,3755766,549435.5,549435.5,478,"salmon, sockeye",sockeye
2012,AKFIN(FEY),S03H,0,24461,,24461,24461|0,0,1,1256,176,0,1256,0,176,13,"salmon, sockeye",sockeye
2012,AKFIN(FEY),S03H,0,24510,,24510,24510|0,0,1,20,4,0,20,0,4,1,"salmon, sockeye",sockeye
2013,AKFIN(FEY),S03H,1,24426,,24426,24426|1,0,1,717,159,0,717,0,159,3,"salmon, sockeye",sockeye
2013,AKFIN(FEY),S03H,1,24460,,24460,24460|1,0.75,0.25,5741540,880190,4306155,1435385,660142.5,220047.5,483,"salmon, sockeye",sockeye
2013,AKFIN(FEY),S03H,4,24460,,24460,24460|4,0.25,0.75,295,50,73.75,221.25,12.5,37.5,11,"salmon, sockeye",sockeye
2013,AKFIN(FEY),S03H,4,24510,,24510,24510|4,0,1,25,4,0,25,0,4,1,"salmon, sockeye",sockeye
2013,AKFIN(FEY),S03H,0,24426,,24426,24426|0,0,1,10869,2542,0,10869,0,2542,14,"salmon, sockeye",sockeye
2013,AKFIN(FEY),S03H,0,24456,,24456,24456|0,0,1,2167561,333306,0,2167561,0,333306,483,"salmon, sockeye",sockeye
2013,AKFIN(FEY),S03H,0,24460,,24460,24460|0,0.5,0.5,2808339,433668,1404169.5,1404169.5,216834,216834,472,"salmon, sockeye",sockeye
2013,AKFIN(FEY),S03H,0,24461,,24461,24461|0,0,1,82705,12634,0,82705,0,12634,140,"salmon, sockeye",sockeye
2013,AKFIN(FEY),S03H,0,24510,,24510,24510|0,0,1,36,8,0,36,0,8,4,"salmon, sockeye",sockeye
2014,AKFIN(FEY),S03H,1,24426,,24426,24426|1,0,1,8431.7,1415,0,8431.7,0,1415,11,"salmon, sockeye",sockeye
2014,AKFIN(FEY),S03H,1,24460,,24460,24460|1,0.75,0.25,5096230.1,771264,3822172.575,1274057.525,578448,192816,480,"salmon, sockeye",sockeye
2014,AKFIN(FEY),S03H,4,24460,,24460,24460|4,0.25,0.75,4559,758,1139.75,3419.25,189.5,568.5,48,"salmon, sockeye",sockeye
2014,AKFIN(FEY),S03H,0,24426,,24426,24426|0,0,1,60355,10261,0,60355,0,10261,44,"salmon, sockeye",sockeye
2014,AKFIN(FEY),S03H,0,24456,,24456,24456|0,0,1,1042479,156393,0,1042479,0,156393,444,"salmon, sockeye",sockeye
2014,AKFIN(FEY),S03H,0,24457,,24457,24457|0,0.06,0.94,1840958.2,283768,110457.492,1730500.708,17026.08,266741.92,468,"salmon, sockeye",sockeye
2014,AKFIN(FEY),S03H,0,24460,,24460,24460|0,0.5,0.5,1770437,271009,885218.5,885218.5,135504.5,135504.5,461,"salmon, sockeye",sockeye
2014,AKFIN(FEY),S03H,0,24461,,24461,24461|0,0,1,44159,6806,0,44159,0,6806,119,"salmon, sockeye",sockeye
2014,AKFIN(FEY),S03H,0,24510,,24510,24510|0,0,1,24,4,0,24,0,4,2,"salmon, sockeye",sockeye
2015,AKFIN(FEY),S03H,1,24460,,24460,24460|1,0.75,0.25,1449514,262984,1087135.5,362378.5,197238,65746,467,"salmon, sockeye",sockeye
2015,AKFIN(FEY),S03H,4,24460,,24460,24460|4,0.25,0.75,16339,2966,4084.75,12254.25,741.5,2224.5,35,"salmon, sockeye",sockeye
2015,AKFIN(FEY),S03H,0,24426,,24426,24426|0,0,1,134266,28387,0,134266,0,28387,118,"salmon, sockeye",sockeye
2015,AKFIN(FEY),S03H,0,24456,,24456,24456|0,0,1,153409,30029,0,153409,0,30029,352,"salmon, sockeye",sockeye
2015,AKFIN(FEY),S03H,0,24457,,24457,24457|0,0.06,0.94,2393673,428743,143620.38,2250052.62,25724.58,403018.42,469,"salmon, sockeye",sockeye
2015,AKFIN(FEY),S03H,0,24460,,24460,24460|0,0.5,0.5,1456121,257179,728060.5,728060.5,128589.5,128589.5,451,"salmon, sockeye",sockeye
2015,AKFIN(FEY),S03H,0,24461,,24461,24461|0,0,1,9136,1768,0,9136,0,1768,59,"salmon, sockeye",sockeye
2015,AKFIN(FEY),S03H,0,24510,,24510,24510|0,0,1,3246,628,0,3246,0,628,13,"salmon, sockeye",sockeye
2016,AKFIN(FEY),S03H,1,24460,,24460,24460|1,0.75,0.25,1998081,342971,1498560.75,499520.25,257228.25,85742.75,443,"salmon, sockeye",sockeye
2016,AKFIN(FEY),S03H,4,24460,,24460,24460|4,0.25,0.75,6240,1108,1560,4680,277,831,55,"salmon, sockeye",sockeye
2016,AKFIN(FEY),S03H,0,24456,,24456,24456|0,0,1,783052,135590,0,783052,0,135590,408,"salmon, sockeye",sockeye
2016,AKFIN(FEY),S03H,0,24457,,24457,24457|0,0.06,0.94,2390230,400135,143413.8,2246816.2,24008.1,376126.9,447,"salmon, sockeye",sockeye
2016,AKFIN(FEY),S03H,0,24460,,24460,24460|0,0.5,0.5,2232628,384008,1116314,1116314,192004,192004,458,"salmon, sockeye",sockeye
2016,AKFIN(FEY),S03H,0,24461,,24461,24461|0,0,1,15535,2831,0,15535,0,2831,83,"salmon, sockeye",sockeye
2016,AKFIN(FEY),S03H,0,24510,,24510,24510|0,0,1,529,103,0,529,0,103,11,"salmon, sockeye",sockeye
2017,AKFIN(FEY),S03H,1,24460,,24460,24460|1,0.75,0.25,2202719.5,369134,1652039.625,550679.875,276850.5,92283.5,425,"salmon, sockeye",sockeye
2017,AKFIN(FEY),S03H,4,24460,,24460,24460|4,0.25,0.75,19507,3624,4876.75,14630.25,906,2718,51,"salmon, sockeye",sockeye
2017,AKFIN(FEY),S03H,0,24456,,24456,24456|0,0,1,1513062,253950,0,1513062,0,253950,423,"salmon, sockeye",sockeye
2017,AKFIN(FEY),S03H,0,24457,,24457,24457|0,0.06,0.94,285538,49726,17132.28,268405.72,2983.56,46742.44,357,"salmon, sockeye",sockeye
2017,AKFIN(FEY),S03H,0,24460,,24460,24460|0,0.5,0.5,1124536,191975,562268,562268,95987.5,95987.5,420,"salmon, sockeye",sockeye
2017,AKFIN(FEY),S03H,0,24461,,24461,24461|0,0,1,62827,10843,0,62827,0,10843,129,"salmon, sockeye",sockeye
2017,AKFIN(FEY),S03H,0,24510,,24510,24510|0,0,1,5329,1027,0,5329,0,1027,32,"salmon, sockeye",sockeye
2018,AKFIN(FEY),S03H,1,24460,,24460,24460|1,0.75,0.25,1184008,200647,888006,296002,150485.25,50161.75,410,"salmon, sockeye",sockeye
2018,AKFIN(FEY),S03H,3,24426,,24426,24426|3,0,1,169.35,38,0,169.35,0,38,3,"salmon, sockeye",sockeye
2018,AKFIN(FEY),S03H,3,24460,,24460,24460|3,0,1,14012.65,3060,0,14012.65,0,3060,85,"salmon, sockeye",sockeye
2018,AKFIN(FEY),S03H,4,24460,,24460,24460|4,0.25,0.75,9084,1892,2271,6813,473,1419,67,"salmon, sockeye",sockeye
2018,AKFIN(FEY),S03H,0,24426,,24426,24426|0,0,1,3127.4,705,0,3127.4,0,705,48,"salmon, sockeye",sockeye
2018,AKFIN(FEY),S03H,0,24457,,24457,24457|0,0.06,0.94,433253,81812,25995.18,407257.82,4908.72,76903.28,354,"salmon, sockeye",sockeye
2018,AKFIN(FEY),S03H,0,24460,,24460,24460|0,0.5,0.5,616385.6,111658,308192.8,308192.8,55829,55829,360,"salmon, sockeye",sockeye
2018,AKFIN(FEY),S03H,0,24461,,24461,24461|0,0,1,2159,397,0,2159,0,397,23,"salmon, sockeye",sockeye
2018,AKFIN(FEY),S03H,0,24510,,24510,24510|0,0,1,281,60,0,281,0,60,12,"salmon, sockeye",sockeye
2019,AKFIN(FEY),S03H,1,24460,,24460,24460|1,0.75,0.25,1864721.2,321734,1398540.9,466180.3,241300.5,80433.5,402,"salmon, sockeye",sockeye
2019,AKFIN(FEY),S03H,4,24460,,24460,24460|4,0.25,0.75,7264,1332,1816,5448,333,999,40,"salmon, sockeye",sockeye
2019,AKFIN(FEY),S03H,5,24460,,24460,24460|5,0.5,0.5,409519.1,73029,204759.55,204759.55,36514.5,36514.5,320,"salmon, sockeye",sockeye
2019,AKFIN(FEY),S03H,0,24457,,24457,24457|0,0.06,0.94,1348005.8,237398,80880.348,1267125.452,14243.88,223154.12,392,"salmon, sockeye",sockeye
2019,AKFIN(FEY),S03H,0,24460,,24460,24460|0,0.5,0.5,626886.95,114292,313443.475,313443.475,57146,57146,396,"salmon, sockeye",sockeye
2019,AKFIN(FEY),S03H,0,24461,,24461,24461|0,0,1,3701,662,0,3701,0,662,53,"salmon, sockeye",sockeye
2019,AKFIN(FEY),S03H,0,24510,,24510,24510|0,0,1,3729,654,0,3729,0,654,21,"salmon, sockeye",sockeye
